/*
 Navicat Premium Data Transfer

 Source Server         : learnforfun
 Source Server Type    : MySQL
 Source Server Version : 50719
 Source Host           : localhost:3306
 Source Schema         : crm

 Target Server Type    : MySQL
 Target Server Version : 50719
 File Encoding         : 65001

 Date: 20/08/2019 13:39:08
*/

SET NAMES utf8mb4;
SET FOREIGN_KEY_CHECKS = 0;

-- ----------------------------
-- Table structure for department
-- ----------------------------
DROP TABLE IF EXISTS `department`;
CREATE TABLE `department` (
  `id` bigint(20) NOT NULL AUTO_INCREMENT,
  `sn` varchar(50) COLLATE utf8_bin DEFAULT NULL,
  `name` varchar(50) COLLATE utf8_bin DEFAULT NULL,
  `mananger_id` bigint(20) DEFAULT NULL,
  `parent_id` bigint(20) DEFAULT NULL,
  `state` tinyint(1) DEFAULT NULL,
  PRIMARY KEY (`id`)
) ENGINE=InnoDB AUTO_INCREMENT=4 DEFAULT CHARSET=utf8 COLLATE=utf8_bin;

-- ----------------------------
-- Records of department
-- ----------------------------
BEGIN;
INSERT INTO `department` VALUES (1, 'boss', '总经办', NULL, NULL, NULL);
INSERT INTO `department` VALUES (2, 'market', '市场部', NULL, NULL, NULL);
INSERT INTO `department` VALUES (3, 'business', '业务部', NULL, NULL, NULL);
COMMIT;

-- ----------------------------
-- Table structure for emp_role
-- ----------------------------
DROP TABLE IF EXISTS `emp_role`;
CREATE TABLE `emp_role` (
  `id` bigint(20) NOT NULL AUTO_INCREMENT,
  `r_id` bigint(20) DEFAULT NULL,
  `e_id` bigint(20) DEFAULT NULL,
  PRIMARY KEY (`id`),
  KEY `FK_m_emp` (`e_id`),
  KEY `FK_m_role` (`r_id`),
  CONSTRAINT `FK_m_emp` FOREIGN KEY (`e_id`) REFERENCES `employee` (`id`),
  CONSTRAINT `FK_m_role` FOREIGN KEY (`r_id`) REFERENCES `role` (`id`)
) ENGINE=InnoDB AUTO_INCREMENT=13 DEFAULT CHARSET=utf8;

-- ----------------------------
-- Records of emp_role
-- ----------------------------
BEGIN;
INSERT INTO `emp_role` VALUES (1, 6, 38);
INSERT INTO `emp_role` VALUES (2, 7, 38);
INSERT INTO `emp_role` VALUES (8, 6, 39);
INSERT INTO `emp_role` VALUES (9, 7, 39);
INSERT INTO `emp_role` VALUES (10, 7, 2);
INSERT INTO `emp_role` VALUES (11, 6, 1);
INSERT INTO `emp_role` VALUES (12, 7, 1);
COMMIT;

-- ----------------------------
-- Table structure for employee
-- ----------------------------
DROP TABLE IF EXISTS `employee`;
CREATE TABLE `employee` (
  `id` bigint(20) NOT NULL AUTO_INCREMENT,
  `username` varchar(50) COLLATE utf8_bin DEFAULT NULL,
  `realname` varchar(50) COLLATE utf8_bin DEFAULT NULL,
  `password` varchar(100) COLLATE utf8_bin DEFAULT NULL,
  `tel` varchar(13) COLLATE utf8_bin DEFAULT NULL,
  `email` varchar(100) COLLATE utf8_bin DEFAULT NULL,
  `dept_id` bigint(20) DEFAULT NULL,
  `inputtime` date DEFAULT NULL,
  `state` tinyint(1) DEFAULT NULL,
  `admin` tinyint(1) DEFAULT NULL,
  PRIMARY KEY (`id`),
  KEY `FK_dept` (`dept_id`),
  CONSTRAINT `FK_dept` FOREIGN KEY (`dept_id`) REFERENCES `department` (`id`)
) ENGINE=InnoDB AUTO_INCREMENT=40 DEFAULT CHARSET=utf8 COLLATE=utf8_bin;

-- ----------------------------
-- Records of employee
-- ----------------------------
BEGIN;
INSERT INTO `employee` VALUES (1, 'admin', 'bravo1988', '123', '18257534567', '523839773@qq.com', 1, '2019-08-15', 1, 1);
INSERT INTO `employee` VALUES (2, 'test', '啊啊啊', '123', '18257555345', '527384765@qq.com', 2, '2019-08-13', 1, 0);
INSERT INTO `employee` VALUES (38, '新增测试2', '测试2号', '123', '1823838839', 'xxx', 2, '2019-08-17', 1, 0);
INSERT INTO `employee` VALUES (39, '测试账号', '测试1号', '123', '21', '7777', 2, '2019-08-15', 1, 0);
COMMIT;

-- ----------------------------
-- Table structure for log
-- ----------------------------
DROP TABLE IF EXISTS `log`;
CREATE TABLE `log` (
  `id` bigint(20) NOT NULL AUTO_INCREMENT,
  `opUser_id` bigint(20) DEFAULT NULL,
  `opTime` datetime DEFAULT NULL,
  `opIp` varchar(255) DEFAULT NULL,
  `function` varchar(255) DEFAULT NULL,
  `params` varchar(500) DEFAULT NULL,
  PRIMARY KEY (`id`),
  KEY `FK_log` (`opUser_id`),
  CONSTRAINT `FK_log` FOREIGN KEY (`opUser_id`) REFERENCES `employee` (`id`)
) ENGINE=InnoDB AUTO_INCREMENT=813 DEFAULT CHARSET=utf8;

-- ----------------------------
-- Records of log
-- ----------------------------
BEGIN;
INSERT INTO `log` VALUES (1, NULL, '2019-08-16 14:57:45', '0:0:0:0:0:0:0:1', 'com._520it.crm.service.impl.EmployeeServiceImpl@27f9ad15:Employee com._520it.crm.service.IEmployeeService.getEmployeeForLogin(String,String)', '[\"admin\",\"123\"]');
INSERT INTO `log` VALUES (2, 1, '2019-08-16 14:57:47', '0:0:0:0:0:0:0:1', 'com._520it.crm.service.impl.DepartmentServiceImpl@619af0d8:List com._520it.crm.service.IDepartmentService.queryForEmp()', '[]');
INSERT INTO `log` VALUES (3, 1, '2019-08-16 14:57:47', '0:0:0:0:0:0:0:1', 'com._520it.crm.service.impl.EmployeeServiceImpl@27f9ad15:PageResult com._520it.crm.service.IEmployeeService.queryForPage(EmployeeQueryObject)', '[{\"page\":1,\"rows\":10,\"keyword\":null,\"start\":0}]');
INSERT INTO `log` VALUES (4, NULL, '2019-08-16 15:15:29', '0:0:0:0:0:0:0:1', 'com._520it.crm.service.impl.EmployeeServiceImpl@b13f22f:Employee com._520it.crm.service.IEmployeeService.getEmployeeForLogin(String,String)', '[\"admin\",\"123\"]');
INSERT INTO `log` VALUES (5, 1, '2019-08-16 15:15:33', '0:0:0:0:0:0:0:1', 'com._520it.crm.service.impl.DepartmentServiceImpl@7c358ea3:List com._520it.crm.service.IDepartmentService.queryForEmp()', '[]');
INSERT INTO `log` VALUES (6, 1, '2019-08-16 15:15:33', '0:0:0:0:0:0:0:1', 'com._520it.crm.service.impl.EmployeeServiceImpl@b13f22f:PageResult com._520it.crm.service.IEmployeeService.queryForPage(EmployeeQueryObject)', '[{\"page\":1,\"rows\":10,\"keyword\":null,\"start\":0}]');
INSERT INTO `log` VALUES (7, 1, '2019-08-16 15:16:52', '0:0:0:0:0:0:0:1', 'com._520it.crm.service.impl.DepartmentServiceImpl@7c358ea3:List com._520it.crm.service.IDepartmentService.queryForEmp()', '[]');
INSERT INTO `log` VALUES (8, 1, '2019-08-16 15:16:52', '0:0:0:0:0:0:0:1', 'com._520it.crm.service.impl.EmployeeServiceImpl@b13f22f:PageResult com._520it.crm.service.IEmployeeService.queryForPage(EmployeeQueryObject)', '[{\"page\":1,\"rows\":10,\"keyword\":null,\"start\":0}]');
INSERT INTO `log` VALUES (9, 1, '2019-08-16 15:32:45', '0:0:0:0:0:0:0:1', 'com._520it.crm.service.impl.DepartmentServiceImpl@7c358ea3:List com._520it.crm.service.IDepartmentService.queryForEmp()', '[]');
INSERT INTO `log` VALUES (10, 1, '2019-08-16 15:32:45', '0:0:0:0:0:0:0:1', 'com._520it.crm.service.impl.EmployeeServiceImpl@b13f22f:PageResult com._520it.crm.service.IEmployeeService.queryForPage(EmployeeQueryObject)', '[{\"page\":1,\"rows\":10,\"keyword\":null,\"start\":0}]');
INSERT INTO `log` VALUES (11, 1, '2019-08-16 15:34:19', '0:0:0:0:0:0:0:1', 'com._520it.crm.service.impl.DepartmentServiceImpl@7c358ea3:List com._520it.crm.service.IDepartmentService.queryForEmp()', '[]');
INSERT INTO `log` VALUES (12, 1, '2019-08-16 15:34:19', '0:0:0:0:0:0:0:1', 'com._520it.crm.service.impl.EmployeeServiceImpl@b13f22f:PageResult com._520it.crm.service.IEmployeeService.queryForPage(EmployeeQueryObject)', '[{\"page\":1,\"rows\":10,\"keyword\":null,\"start\":0}]');
INSERT INTO `log` VALUES (13, NULL, '2019-08-16 16:06:47', '0:0:0:0:0:0:0:1', 'com._520it.crm.service.impl.EmployeeServiceImpl@4ea6551:Employee com._520it.crm.service.IEmployeeService.getEmployeeForLogin(String,String)', '[\"admin\",\"123\"]');
INSERT INTO `log` VALUES (14, 1, '2019-08-16 16:06:49', '0:0:0:0:0:0:0:1', 'com._520it.crm.service.impl.PermissionServiceImpl@71e3bf5a:PageResult com._520it.crm.service.IPermissionService.queryForPage(QueryObject)', '[{\"page\":1,\"rows\":10,\"start\":0}]');
INSERT INTO `log` VALUES (15, NULL, '2019-08-16 17:22:51', '0:0:0:0:0:0:0:1', 'com._520it.crm.service.impl.EmployeeServiceImpl@715b4965:Employee com._520it.crm.service.IEmployeeService.getEmployeeForLogin(String,String)', '[\"admin\",\"123\"]');
INSERT INTO `log` VALUES (16, 1, '2019-08-16 17:22:52', '0:0:0:0:0:0:0:1', 'com._520it.crm.service.impl.PermissionServiceImpl@6122b1fe:PageResult com._520it.crm.service.IPermissionService.queryForPage(QueryObject)', '[{\"page\":1,\"rows\":10,\"start\":0}]');
INSERT INTO `log` VALUES (17, 1, '2019-08-16 17:23:34', '0:0:0:0:0:0:0:1', 'com._520it.crm.service.impl.RoleServiceImpl@46f73f18:int com._520it.crm.service.IRoleService.insert(Role)', '[{\"id\":1,\"name\":\"hahah\",\"sn\":\"sss\",\"permissions\":[]}]');
INSERT INTO `log` VALUES (18, NULL, '2019-08-16 17:35:08', '0:0:0:0:0:0:0:1', 'com._520it.crm.service.impl.EmployeeServiceImpl@5c525062:Employee com._520it.crm.service.IEmployeeService.getEmployeeForLogin(String,String)', '[\"admin\",\"123\"]');
INSERT INTO `log` VALUES (19, 1, '2019-08-16 17:35:11', '0:0:0:0:0:0:0:1', 'com._520it.crm.service.impl.PermissionServiceImpl@23780faf:PageResult com._520it.crm.service.IPermissionService.queryForPage(QueryObject)', '[{\"page\":1,\"rows\":10,\"start\":0}]');
INSERT INTO `log` VALUES (20, 1, '2019-08-16 17:39:19', '0:0:0:0:0:0:0:1', 'com._520it.crm.service.impl.PermissionServiceImpl@23780faf:PageResult com._520it.crm.service.IPermissionService.queryForPage(QueryObject)', '[{\"page\":1,\"rows\":10,\"start\":0}]');
INSERT INTO `log` VALUES (21, 1, '2019-08-16 17:41:59', '0:0:0:0:0:0:0:1', 'com._520it.crm.service.impl.PermissionServiceImpl@23780faf:PageResult com._520it.crm.service.IPermissionService.queryForPage(QueryObject)', '[{\"page\":1,\"rows\":10,\"start\":0}]');
INSERT INTO `log` VALUES (22, 1, '2019-08-16 17:42:21', '0:0:0:0:0:0:0:1', 'com._520it.crm.service.impl.RoleServiceImpl@2708675b:int com._520it.crm.service.IRoleService.insert(Role)', '[{\"id\":2,\"name\":\"测试管理员\",\"sn\":\"2\",\"permissions\":[]}]');
INSERT INTO `log` VALUES (23, 1, '2019-08-16 17:43:53', '0:0:0:0:0:0:0:1', 'com._520it.crm.service.impl.DepartmentServiceImpl@745b02d7:List com._520it.crm.service.IDepartmentService.queryForEmp()', '[]');
INSERT INTO `log` VALUES (24, 1, '2019-08-16 17:43:53', '0:0:0:0:0:0:0:1', 'com._520it.crm.service.impl.EmployeeServiceImpl@5c525062:PageResult com._520it.crm.service.IEmployeeService.queryForPage(EmployeeQueryObject)', '[{\"page\":1,\"rows\":10,\"keyword\":null,\"start\":0}]');
INSERT INTO `log` VALUES (25, 1, '2019-08-16 17:44:04', '0:0:0:0:0:0:0:1', 'com._520it.crm.service.impl.PermissionServiceImpl@23780faf:PageResult com._520it.crm.service.IPermissionService.queryForPage(QueryObject)', '[{\"page\":1,\"rows\":10,\"start\":0}]');
INSERT INTO `log` VALUES (26, 1, '2019-08-16 17:44:51', '0:0:0:0:0:0:0:1', 'com._520it.crm.service.impl.RoleServiceImpl@2708675b:int com._520it.crm.service.IRoleService.insert(Role)', '[{\"id\":3,\"name\":\"测试管理员1\",\"sn\":\"001\",\"permissions\":[]}]');
INSERT INTO `log` VALUES (27, 1, '2019-08-16 17:45:27', '0:0:0:0:0:0:0:1', 'com._520it.crm.service.impl.PermissionServiceImpl@23780faf:PageResult com._520it.crm.service.IPermissionService.queryForPage(QueryObject)', '[{\"page\":1,\"rows\":10,\"start\":0}]');
INSERT INTO `log` VALUES (28, 1, '2019-08-16 17:45:38', '0:0:0:0:0:0:0:1', 'com._520it.crm.service.impl.RoleServiceImpl@2708675b:int com._520it.crm.service.IRoleService.insert(Role)', '[{\"id\":4,\"name\":\"测试管理员2\",\"sn\":\"002\",\"permissions\":[{\"id\":1,\"name\":null,\"resource\":null},{\"id\":2,\"name\":null,\"resource\":null},{\"id\":3,\"name\":null,\"resource\":null}]}]');
INSERT INTO `log` VALUES (29, NULL, '2019-08-16 18:18:25', '0:0:0:0:0:0:0:1', 'com._520it.crm.service.impl.EmployeeServiceImpl@2257ea5c:Employee com._520it.crm.service.IEmployeeService.getEmployeeForLogin(String,String)', '[\"admin\",\"123\"]');
INSERT INTO `log` VALUES (30, 1, '2019-08-16 18:18:27', '0:0:0:0:0:0:0:1', 'com._520it.crm.service.impl.PermissionServiceImpl@2d199510:PageResult com._520it.crm.service.IPermissionService.queryForPage(QueryObject)', '[{\"page\":1,\"rows\":10,\"start\":0}]');
INSERT INTO `log` VALUES (31, 1, '2019-08-16 18:18:27', '0:0:0:0:0:0:0:1', 'com._520it.crm.service.impl.RoleServiceImpl@3a17b7e:PageResult com._520it.crm.service.IRoleService.queryForPage(QueryObject)', '[{\"page\":1,\"rows\":10,\"start\":0}]');
INSERT INTO `log` VALUES (32, 1, '2019-08-16 18:18:40', '0:0:0:0:0:0:0:1', 'com._520it.crm.service.impl.RoleServiceImpl@3a17b7e:int com._520it.crm.service.IRoleService.insert(Role)', '[{\"id\":5,\"name\":\"测试管理员3\",\"sn\":\"003\",\"permissions\":[{\"id\":1,\"name\":null,\"resource\":null}]}]');
INSERT INTO `log` VALUES (33, 1, '2019-08-16 18:18:41', '0:0:0:0:0:0:0:1', 'com._520it.crm.service.impl.RoleServiceImpl@3a17b7e:PageResult com._520it.crm.service.IRoleService.queryForPage(QueryObject)', '[{\"page\":1,\"rows\":10,\"start\":0}]');
INSERT INTO `log` VALUES (34, NULL, '2019-08-16 18:20:07', '0:0:0:0:0:0:0:1', 'com._520it.crm.service.impl.EmployeeServiceImpl@112f25:Employee com._520it.crm.service.IEmployeeService.getEmployeeForLogin(String,String)', '[\"admin\",\"123\"]');
INSERT INTO `log` VALUES (35, 1, '2019-08-16 18:20:09', '0:0:0:0:0:0:0:1', 'com._520it.crm.service.impl.PermissionServiceImpl@706d84c2:PageResult com._520it.crm.service.IPermissionService.queryForPage(QueryObject)', '[{\"page\":1,\"rows\":10,\"start\":0}]');
INSERT INTO `log` VALUES (36, 1, '2019-08-16 18:20:09', '0:0:0:0:0:0:0:1', 'com._520it.crm.service.impl.RoleServiceImpl@72597f34:PageResult com._520it.crm.service.IRoleService.queryForPage(QueryObject)', '[{\"page\":1,\"rows\":10,\"start\":0}]');
INSERT INTO `log` VALUES (37, NULL, '2019-08-16 18:46:26', '0:0:0:0:0:0:0:1', 'com._520it.crm.service.impl.EmployeeServiceImpl@30498e4:Employee com._520it.crm.service.IEmployeeService.getEmployeeForLogin(String,String)', '[\"admin\",\"123\"]');
INSERT INTO `log` VALUES (38, 1, '2019-08-16 18:46:27', '0:0:0:0:0:0:0:1', 'com._520it.crm.service.impl.RoleServiceImpl@19eaf4a5:PageResult com._520it.crm.service.IRoleService.queryForPage(QueryObject)', '[{\"page\":1,\"rows\":10,\"start\":0}]');
INSERT INTO `log` VALUES (39, 1, '2019-08-16 18:46:27', '0:0:0:0:0:0:0:1', 'com._520it.crm.service.impl.PermissionServiceImpl@ef5998c:PageResult com._520it.crm.service.IPermissionService.queryForPage(QueryObject)', '[{\"page\":1,\"rows\":10,\"rid\":null,\"start\":0}]');
INSERT INTO `log` VALUES (40, 1, '2019-08-16 18:48:21', '0:0:0:0:0:0:0:1', 'com._520it.crm.service.impl.RoleServiceImpl@19eaf4a5:PageResult com._520it.crm.service.IRoleService.queryForPage(QueryObject)', '[{\"page\":1,\"rows\":10,\"start\":0}]');
INSERT INTO `log` VALUES (41, 1, '2019-08-16 18:48:21', '0:0:0:0:0:0:0:1', 'com._520it.crm.service.impl.PermissionServiceImpl@ef5998c:PageResult com._520it.crm.service.IPermissionService.queryForPage(QueryObject)', '[{\"page\":1,\"rows\":10,\"rid\":null,\"start\":0}]');
INSERT INTO `log` VALUES (42, 1, '2019-08-16 18:48:29', '0:0:0:0:0:0:0:1', 'com._520it.crm.service.impl.PermissionServiceImpl@ef5998c:PageResult com._520it.crm.service.IPermissionService.queryForPage(QueryObject)', NULL);
INSERT INTO `log` VALUES (43, 1, '2019-08-16 18:48:34', '0:0:0:0:0:0:0:1', 'com._520it.crm.service.impl.PermissionServiceImpl@ef5998c:PageResult com._520it.crm.service.IPermissionService.queryForPage(QueryObject)', NULL);
INSERT INTO `log` VALUES (44, NULL, '2019-08-16 18:50:39', '0:0:0:0:0:0:0:1', 'com._520it.crm.service.impl.EmployeeServiceImpl@6c03feef:Employee com._520it.crm.service.IEmployeeService.getEmployeeForLogin(String,String)', '[\"admin\",\"123\"]');
INSERT INTO `log` VALUES (45, 1, '2019-08-16 18:50:41', '0:0:0:0:0:0:0:1', 'com._520it.crm.service.impl.RoleServiceImpl@414c2942:PageResult com._520it.crm.service.IRoleService.queryForPage(QueryObject)', '[{\"page\":1,\"rows\":10,\"start\":0}]');
INSERT INTO `log` VALUES (46, 1, '2019-08-16 18:50:41', '0:0:0:0:0:0:0:1', 'com._520it.crm.service.impl.PermissionServiceImpl@1ff1529d:PageResult com._520it.crm.service.IPermissionService.queryForPage(QueryObject)', '[{\"page\":1,\"rows\":10,\"rid\":null,\"start\":0}]');
INSERT INTO `log` VALUES (47, 1, '2019-08-16 18:50:45', '0:0:0:0:0:0:0:1', 'com._520it.crm.service.impl.PermissionServiceImpl@1ff1529d:PageResult com._520it.crm.service.IPermissionService.queryForPage(QueryObject)', NULL);
INSERT INTO `log` VALUES (48, NULL, '2019-08-16 18:59:18', '0:0:0:0:0:0:0:1', 'com._520it.crm.service.impl.EmployeeServiceImpl@261271e7:Employee com._520it.crm.service.IEmployeeService.getEmployeeForLogin(String,String)', '[\"admin\",\"123\"]');
INSERT INTO `log` VALUES (49, 1, '2019-08-16 18:59:31', '0:0:0:0:0:0:0:1', 'com._520it.crm.service.impl.RoleServiceImpl@3a6f5a7a:PageResult com._520it.crm.service.IRoleService.queryForPage(QueryObject)', '[{\"page\":1,\"rows\":10,\"start\":0}]');
INSERT INTO `log` VALUES (50, 1, '2019-08-16 18:59:31', '0:0:0:0:0:0:0:1', 'com._520it.crm.service.impl.PermissionServiceImpl@64c7b79b:PageResult com._520it.crm.service.IPermissionService.queryForPage(QueryObject)', '[{\"page\":1,\"rows\":10,\"rid\":null,\"start\":0}]');
INSERT INTO `log` VALUES (51, 1, '2019-08-16 18:59:53', '0:0:0:0:0:0:0:1', 'com._520it.crm.service.impl.PermissionServiceImpl@64c7b79b:PageResult com._520it.crm.service.IPermissionService.queryForPage(QueryObject)', '[{\"page\":1,\"rows\":10,\"rid\":2,\"start\":0}]');
INSERT INTO `log` VALUES (52, 1, '2019-08-16 19:01:49', '0:0:0:0:0:0:0:1', 'com._520it.crm.service.impl.RoleServiceImpl@3a6f5a7a:PageResult com._520it.crm.service.IRoleService.queryForPage(QueryObject)', '[{\"page\":1,\"rows\":10,\"start\":0}]');
INSERT INTO `log` VALUES (53, 1, '2019-08-16 19:01:49', '0:0:0:0:0:0:0:1', 'com._520it.crm.service.impl.PermissionServiceImpl@64c7b79b:PageResult com._520it.crm.service.IPermissionService.queryForPage(QueryObject)', '[{\"page\":1,\"rows\":10,\"rid\":null,\"start\":0}]');
INSERT INTO `log` VALUES (54, 1, '2019-08-16 19:01:53', '0:0:0:0:0:0:0:1', 'com._520it.crm.service.impl.PermissionServiceImpl@64c7b79b:PageResult com._520it.crm.service.IPermissionService.queryForPage(QueryObject)', '[{\"page\":1,\"rows\":10,\"rid\":2,\"start\":0}]');
INSERT INTO `log` VALUES (55, 1, '2019-08-16 19:02:56', '0:0:0:0:0:0:0:1', 'com._520it.crm.service.impl.RoleServiceImpl@3a6f5a7a:PageResult com._520it.crm.service.IRoleService.queryForPage(QueryObject)', '[{\"page\":1,\"rows\":10,\"start\":0}]');
INSERT INTO `log` VALUES (56, 1, '2019-08-16 19:02:56', '0:0:0:0:0:0:0:1', 'com._520it.crm.service.impl.PermissionServiceImpl@64c7b79b:PageResult com._520it.crm.service.IPermissionService.queryForPage(QueryObject)', '[{\"page\":1,\"rows\":10,\"rid\":null,\"start\":0}]');
INSERT INTO `log` VALUES (57, 1, '2019-08-16 19:02:58', '0:0:0:0:0:0:0:1', 'com._520it.crm.service.impl.PermissionServiceImpl@64c7b79b:PageResult com._520it.crm.service.IPermissionService.queryForPage(QueryObject)', '[{\"page\":1,\"rows\":10,\"rid\":2,\"start\":0}]');
INSERT INTO `log` VALUES (58, 1, '2019-08-16 19:03:26', '0:0:0:0:0:0:0:1', 'com._520it.crm.service.impl.PermissionServiceImpl@64c7b79b:PageResult com._520it.crm.service.IPermissionService.queryForPage(QueryObject)', '[{\"page\":1,\"rows\":10,\"rid\":4,\"start\":0}]');
INSERT INTO `log` VALUES (59, 1, '2019-08-16 19:03:29', '0:0:0:0:0:0:0:1', 'com._520it.crm.service.impl.PermissionServiceImpl@64c7b79b:PageResult com._520it.crm.service.IPermissionService.queryForPage(QueryObject)', '[{\"page\":1,\"rows\":10,\"rid\":5,\"start\":0}]');
INSERT INTO `log` VALUES (60, 1, '2019-08-16 19:03:32', '0:0:0:0:0:0:0:1', 'com._520it.crm.service.impl.PermissionServiceImpl@64c7b79b:PageResult com._520it.crm.service.IPermissionService.queryForPage(QueryObject)', '[{\"page\":1,\"rows\":10,\"rid\":2,\"start\":0}]');
INSERT INTO `log` VALUES (61, NULL, '2019-08-16 19:26:40', '0:0:0:0:0:0:0:1', 'com._520it.crm.service.impl.EmployeeServiceImpl@610d4178:Employee com._520it.crm.service.IEmployeeService.getEmployeeForLogin(String,String)', '[\"admin\",\"123\"]');
INSERT INTO `log` VALUES (62, 1, '2019-08-16 19:26:41', '0:0:0:0:0:0:0:1', 'com._520it.crm.service.impl.PermissionServiceImpl@361d57fe:PageResult com._520it.crm.service.IPermissionService.queryForPage(QueryObject)', '[{\"page\":1,\"rows\":10,\"rid\":null,\"start\":0}]');
INSERT INTO `log` VALUES (63, 1, '2019-08-16 19:26:41', '0:0:0:0:0:0:0:1', 'com._520it.crm.service.impl.RoleServiceImpl@2eed3c04:PageResult com._520it.crm.service.IRoleService.queryForPage(QueryObject)', '[{\"page\":1,\"rows\":10,\"start\":0}]');
INSERT INTO `log` VALUES (64, 1, '2019-08-16 19:26:44', '0:0:0:0:0:0:0:1', 'com._520it.crm.service.impl.PermissionServiceImpl@361d57fe:PageResult com._520it.crm.service.IPermissionService.queryForPage(QueryObject)', '[{\"page\":1,\"rows\":10,\"rid\":2,\"start\":0}]');
INSERT INTO `log` VALUES (65, 1, '2019-08-16 19:27:02', '0:0:0:0:0:0:0:1', 'com._520it.crm.service.impl.PermissionServiceImpl@361d57fe:PageResult com._520it.crm.service.IPermissionService.queryForPage(QueryObject)', '[{\"page\":1,\"rows\":10,\"rid\":3,\"start\":0}]');
INSERT INTO `log` VALUES (66, 1, '2019-08-16 19:27:06', '0:0:0:0:0:0:0:1', 'com._520it.crm.service.impl.PermissionServiceImpl@361d57fe:PageResult com._520it.crm.service.IPermissionService.queryForPage(QueryObject)', '[{\"page\":1,\"rows\":10,\"rid\":4,\"start\":0}]');
INSERT INTO `log` VALUES (67, 1, '2019-08-16 19:29:35', '0:0:0:0:0:0:0:1', 'com._520it.crm.service.impl.PermissionServiceImpl@361d57fe:PageResult com._520it.crm.service.IPermissionService.queryForPage(QueryObject)', '[{\"page\":1,\"rows\":10,\"rid\":2,\"start\":0}]');
INSERT INTO `log` VALUES (68, 1, '2019-08-16 19:29:52', '0:0:0:0:0:0:0:1', 'com._520it.crm.service.impl.PermissionServiceImpl@361d57fe:PageResult com._520it.crm.service.IPermissionService.queryForPage(QueryObject)', '[{\"page\":1,\"rows\":10,\"rid\":2,\"start\":0}]');
INSERT INTO `log` VALUES (69, 1, '2019-08-16 19:29:56', '0:0:0:0:0:0:0:1', 'com._520it.crm.service.impl.RoleServiceImpl@2eed3c04:PageResult com._520it.crm.service.IRoleService.queryForPage(QueryObject)', '[{\"page\":1,\"rows\":10,\"start\":0}]');
INSERT INTO `log` VALUES (70, 1, '2019-08-16 19:29:56', '0:0:0:0:0:0:0:1', 'com._520it.crm.service.impl.PermissionServiceImpl@361d57fe:PageResult com._520it.crm.service.IPermissionService.queryForPage(QueryObject)', '[{\"page\":1,\"rows\":10,\"rid\":null,\"start\":0}]');
INSERT INTO `log` VALUES (71, 1, '2019-08-16 19:30:07', '0:0:0:0:0:0:0:1', 'com._520it.crm.service.impl.PermissionServiceImpl@361d57fe:PageResult com._520it.crm.service.IPermissionService.queryForPage(QueryObject)', NULL);
INSERT INTO `log` VALUES (72, 1, '2019-08-16 19:37:30', '0:0:0:0:0:0:0:1', 'com._520it.crm.service.impl.RoleServiceImpl@2eed3c04:PageResult com._520it.crm.service.IRoleService.queryForPage(QueryObject)', '[{\"page\":1,\"rows\":10,\"start\":0}]');
INSERT INTO `log` VALUES (73, 1, '2019-08-16 19:37:30', '0:0:0:0:0:0:0:1', 'com._520it.crm.service.impl.PermissionServiceImpl@361d57fe:PageResult com._520it.crm.service.IPermissionService.queryForPage(QueryObject)', '[{\"page\":1,\"rows\":10,\"rid\":null,\"start\":0}]');
INSERT INTO `log` VALUES (74, 1, '2019-08-16 19:37:35', '0:0:0:0:0:0:0:1', 'com._520it.crm.service.impl.PermissionServiceImpl@361d57fe:PageResult com._520it.crm.service.IPermissionService.queryForPage(QueryObject)', '[{\"page\":1,\"rows\":10,\"rid\":3,\"start\":0}]');
INSERT INTO `log` VALUES (75, NULL, '2019-08-16 19:48:09', '0:0:0:0:0:0:0:1', 'com._520it.crm.service.impl.EmployeeServiceImpl@25602dff:Employee com._520it.crm.service.IEmployeeService.getEmployeeForLogin(String,String)', '[\"admin\",\"123\"]');
INSERT INTO `log` VALUES (76, 1, '2019-08-16 19:48:10', '0:0:0:0:0:0:0:1', 'com._520it.crm.service.impl.PermissionServiceImpl@320ae973:PageResult com._520it.crm.service.IPermissionService.queryForPage(QueryObject)', '[{\"page\":1,\"rows\":10,\"rid\":null,\"start\":0}]');
INSERT INTO `log` VALUES (77, 1, '2019-08-16 19:48:10', '0:0:0:0:0:0:0:1', 'com._520it.crm.service.impl.RoleServiceImpl@4783668a:PageResult com._520it.crm.service.IRoleService.queryForPage(QueryObject)', '[{\"page\":1,\"rows\":10,\"start\":0}]');
INSERT INTO `log` VALUES (78, 1, '2019-08-16 19:48:16', '0:0:0:0:0:0:0:1', 'com._520it.crm.service.impl.PermissionServiceImpl@320ae973:PageResult com._520it.crm.service.IPermissionService.queryForPage(QueryObject)', '[{\"page\":1,\"rows\":10,\"rid\":5,\"start\":0}]');
INSERT INTO `log` VALUES (79, 1, '2019-08-16 19:48:20', '0:0:0:0:0:0:0:1', 'com._520it.crm.service.impl.PermissionServiceImpl@320ae973:PageResult com._520it.crm.service.IPermissionService.queryForPage(QueryObject)', '[{\"page\":1,\"rows\":10,\"rid\":1,\"start\":0}]');
INSERT INTO `log` VALUES (80, 1, '2019-08-16 19:48:25', '0:0:0:0:0:0:0:1', 'com._520it.crm.service.impl.RoleServiceImpl@4783668a:int com._520it.crm.service.IRoleService.deleteByPrimaryKey(Long)', '[1]');
INSERT INTO `log` VALUES (81, 1, '2019-08-16 19:48:26', '0:0:0:0:0:0:0:1', 'com._520it.crm.service.impl.RoleServiceImpl@4783668a:PageResult com._520it.crm.service.IRoleService.queryForPage(QueryObject)', '[{\"page\":1,\"rows\":10,\"start\":0}]');
INSERT INTO `log` VALUES (82, 1, '2019-08-16 19:48:30', '0:0:0:0:0:0:0:1', 'com._520it.crm.service.impl.RoleServiceImpl@4783668a:int com._520it.crm.service.IRoleService.deleteByPrimaryKey(Long)', '[2]');
INSERT INTO `log` VALUES (83, 1, '2019-08-16 19:48:32', '0:0:0:0:0:0:0:1', 'com._520it.crm.service.impl.RoleServiceImpl@4783668a:PageResult com._520it.crm.service.IRoleService.queryForPage(QueryObject)', '[{\"page\":1,\"rows\":10,\"start\":0}]');
INSERT INTO `log` VALUES (84, 1, '2019-08-16 19:48:36', '0:0:0:0:0:0:0:1', 'com._520it.crm.service.impl.RoleServiceImpl@4783668a:int com._520it.crm.service.IRoleService.deleteByPrimaryKey(Long)', '[3]');
INSERT INTO `log` VALUES (85, 1, '2019-08-16 19:48:38', '0:0:0:0:0:0:0:1', 'com._520it.crm.service.impl.RoleServiceImpl@4783668a:PageResult com._520it.crm.service.IRoleService.queryForPage(QueryObject)', '[{\"page\":1,\"rows\":10,\"start\":0}]');
INSERT INTO `log` VALUES (86, 1, '2019-08-16 19:48:41', '0:0:0:0:0:0:0:1', 'com._520it.crm.service.impl.RoleServiceImpl@4783668a:int com._520it.crm.service.IRoleService.deleteByPrimaryKey(Long)', '[4]');
INSERT INTO `log` VALUES (87, 1, '2019-08-16 19:48:43', '0:0:0:0:0:0:0:1', 'com._520it.crm.service.impl.RoleServiceImpl@4783668a:PageResult com._520it.crm.service.IRoleService.queryForPage(QueryObject)', '[{\"page\":1,\"rows\":10,\"start\":0}]');
INSERT INTO `log` VALUES (88, 1, '2019-08-16 19:48:48', '0:0:0:0:0:0:0:1', 'com._520it.crm.service.impl.RoleServiceImpl@4783668a:PageResult com._520it.crm.service.IRoleService.queryForPage(QueryObject)', '[{\"page\":1,\"rows\":10,\"start\":0}]');
INSERT INTO `log` VALUES (89, 1, '2019-08-16 19:48:49', '0:0:0:0:0:0:0:1', 'com._520it.crm.service.impl.RoleServiceImpl@4783668a:PageResult com._520it.crm.service.IRoleService.queryForPage(QueryObject)', '[{\"page\":1,\"rows\":10,\"start\":0}]');
INSERT INTO `log` VALUES (90, 1, '2019-08-16 19:48:49', '0:0:0:0:0:0:0:1', 'com._520it.crm.service.impl.RoleServiceImpl@4783668a:PageResult com._520it.crm.service.IRoleService.queryForPage(QueryObject)', '[{\"page\":1,\"rows\":10,\"start\":0}]');
INSERT INTO `log` VALUES (91, 1, '2019-08-16 19:48:53', '0:0:0:0:0:0:0:1', 'com._520it.crm.service.impl.RoleServiceImpl@4783668a:int com._520it.crm.service.IRoleService.deleteByPrimaryKey(Long)', '[5]');
INSERT INTO `log` VALUES (92, 1, '2019-08-16 19:48:55', '0:0:0:0:0:0:0:1', 'com._520it.crm.service.impl.RoleServiceImpl@4783668a:PageResult com._520it.crm.service.IRoleService.queryForPage(QueryObject)', '[{\"page\":1,\"rows\":10,\"start\":0}]');
INSERT INTO `log` VALUES (93, 1, '2019-08-16 19:49:12', '0:0:0:0:0:0:0:1', 'com._520it.crm.service.impl.RoleServiceImpl@4783668a:int com._520it.crm.service.IRoleService.insert(Role)', '[{\"id\":6,\"name\":\"超级管理员\",\"sn\":\"001\",\"permissions\":[{\"id\":1,\"name\":null,\"resource\":null},{\"id\":2,\"name\":null,\"resource\":null},{\"id\":3,\"name\":null,\"resource\":null}]}]');
INSERT INTO `log` VALUES (94, 1, '2019-08-16 19:49:13', '0:0:0:0:0:0:0:1', 'com._520it.crm.service.impl.RoleServiceImpl@4783668a:PageResult com._520it.crm.service.IRoleService.queryForPage(QueryObject)', '[{\"page\":1,\"rows\":10,\"start\":0}]');
INSERT INTO `log` VALUES (95, 1, '2019-08-16 19:50:45', '0:0:0:0:0:0:0:1', 'com._520it.crm.service.impl.RoleServiceImpl@4783668a:PageResult com._520it.crm.service.IRoleService.queryForPage(QueryObject)', '[{\"page\":1,\"rows\":10,\"start\":0}]');
INSERT INTO `log` VALUES (96, 1, '2019-08-16 19:50:45', '0:0:0:0:0:0:0:1', 'com._520it.crm.service.impl.PermissionServiceImpl@320ae973:PageResult com._520it.crm.service.IPermissionService.queryForPage(QueryObject)', '[{\"page\":1,\"rows\":10,\"rid\":null,\"start\":0}]');
INSERT INTO `log` VALUES (97, 1, '2019-08-16 19:51:47', '0:0:0:0:0:0:0:1', 'com._520it.crm.service.impl.RoleServiceImpl@4783668a:PageResult com._520it.crm.service.IRoleService.queryForPage(QueryObject)', '[{\"page\":1,\"rows\":10,\"start\":0}]');
INSERT INTO `log` VALUES (98, 1, '2019-08-16 19:51:47', '0:0:0:0:0:0:0:1', 'com._520it.crm.service.impl.PermissionServiceImpl@320ae973:PageResult com._520it.crm.service.IPermissionService.queryForPage(QueryObject)', '[{\"page\":1,\"rows\":10,\"rid\":null,\"start\":0}]');
INSERT INTO `log` VALUES (99, 1, '2019-08-16 19:54:53', '0:0:0:0:0:0:0:1', 'com._520it.crm.service.impl.PermissionServiceImpl@320ae973:PageResult com._520it.crm.service.IPermissionService.queryForPage(QueryObject)', '[{\"page\":1,\"rows\":10,\"rid\":6,\"start\":0}]');
INSERT INTO `log` VALUES (100, 1, '2019-08-16 19:54:57', '0:0:0:0:0:0:0:1', 'com._520it.crm.service.impl.PermissionServiceImpl@320ae973:PageResult com._520it.crm.service.IPermissionService.queryForPage(QueryObject)', '[{\"page\":1,\"rows\":10,\"rid\":6,\"start\":0}]');
INSERT INTO `log` VALUES (101, 1, '2019-08-16 19:57:36', '0:0:0:0:0:0:0:1', 'com._520it.crm.service.impl.RoleServiceImpl@4783668a:PageResult com._520it.crm.service.IRoleService.queryForPage(QueryObject)', '[{\"page\":1,\"rows\":10,\"start\":0}]');
INSERT INTO `log` VALUES (102, 1, '2019-08-16 19:57:36', '0:0:0:0:0:0:0:1', 'com._520it.crm.service.impl.PermissionServiceImpl@320ae973:PageResult com._520it.crm.service.IPermissionService.queryForPage(QueryObject)', '[{\"page\":1,\"rows\":10,\"rid\":null,\"start\":0}]');
INSERT INTO `log` VALUES (103, 1, '2019-08-16 19:57:47', '0:0:0:0:0:0:0:1', 'com._520it.crm.service.impl.RoleServiceImpl@4783668a:PageResult com._520it.crm.service.IRoleService.queryForPage(QueryObject)', '[{\"page\":1,\"rows\":10,\"start\":0}]');
INSERT INTO `log` VALUES (104, 1, '2019-08-16 19:57:47', '0:0:0:0:0:0:0:1', 'com._520it.crm.service.impl.PermissionServiceImpl@320ae973:PageResult com._520it.crm.service.IPermissionService.queryForPage(QueryObject)', '[{\"page\":1,\"rows\":10,\"rid\":null,\"start\":0}]');
INSERT INTO `log` VALUES (105, 1, '2019-08-16 20:00:29', '0:0:0:0:0:0:0:1', 'com._520it.crm.service.impl.RoleServiceImpl@4783668a:PageResult com._520it.crm.service.IRoleService.queryForPage(QueryObject)', '[{\"page\":1,\"rows\":10,\"start\":0}]');
INSERT INTO `log` VALUES (106, 1, '2019-08-16 20:00:29', '0:0:0:0:0:0:0:1', 'com._520it.crm.service.impl.PermissionServiceImpl@320ae973:PageResult com._520it.crm.service.IPermissionService.queryForPage(QueryObject)', '[{\"page\":1,\"rows\":10,\"rid\":null,\"start\":0}]');
INSERT INTO `log` VALUES (107, 1, '2019-08-16 20:02:37', '0:0:0:0:0:0:0:1', 'com._520it.crm.service.impl.RoleServiceImpl@4783668a:PageResult com._520it.crm.service.IRoleService.queryForPage(QueryObject)', '[{\"page\":1,\"rows\":10,\"start\":0}]');
INSERT INTO `log` VALUES (108, 1, '2019-08-16 20:02:37', '0:0:0:0:0:0:0:1', 'com._520it.crm.service.impl.PermissionServiceImpl@320ae973:PageResult com._520it.crm.service.IPermissionService.queryForPage(QueryObject)', '[{\"page\":1,\"rows\":10,\"rid\":null,\"start\":0}]');
INSERT INTO `log` VALUES (109, 1, '2019-08-16 20:07:38', '0:0:0:0:0:0:0:1', 'com._520it.crm.service.impl.RoleServiceImpl@4783668a:PageResult com._520it.crm.service.IRoleService.queryForPage(QueryObject)', '[{\"page\":1,\"rows\":10,\"start\":0}]');
INSERT INTO `log` VALUES (110, 1, '2019-08-16 20:07:38', '0:0:0:0:0:0:0:1', 'com._520it.crm.service.impl.PermissionServiceImpl@320ae973:PageResult com._520it.crm.service.IPermissionService.queryForPage(QueryObject)', '[{\"page\":1,\"rows\":10,\"rid\":null,\"start\":0}]');
INSERT INTO `log` VALUES (111, 1, '2019-08-16 20:09:24', '0:0:0:0:0:0:0:1', 'com._520it.crm.service.impl.RoleServiceImpl@4783668a:PageResult com._520it.crm.service.IRoleService.queryForPage(QueryObject)', '[{\"page\":1,\"rows\":10,\"start\":0}]');
INSERT INTO `log` VALUES (112, 1, '2019-08-16 20:09:24', '0:0:0:0:0:0:0:1', 'com._520it.crm.service.impl.PermissionServiceImpl@320ae973:PageResult com._520it.crm.service.IPermissionService.queryForPage(QueryObject)', '[{\"page\":1,\"rows\":10,\"rid\":null,\"start\":0}]');
INSERT INTO `log` VALUES (113, NULL, '2019-08-16 22:48:19', '0:0:0:0:0:0:0:1', 'com._520it.crm.service.impl.EmployeeServiceImpl@25602dff:Employee com._520it.crm.service.IEmployeeService.getEmployeeForLogin(String,String)', '[\"admin\",\"123\"]');
INSERT INTO `log` VALUES (114, 1, '2019-08-16 22:48:25', '0:0:0:0:0:0:0:1', 'com._520it.crm.service.impl.DepartmentServiceImpl@4ef4d362:List com._520it.crm.service.IDepartmentService.queryForEmp()', '[]');
INSERT INTO `log` VALUES (115, 1, '2019-08-16 22:48:25', '0:0:0:0:0:0:0:1', 'com._520it.crm.service.impl.EmployeeServiceImpl@25602dff:PageResult com._520it.crm.service.IEmployeeService.queryForPage(EmployeeQueryObject)', '[{\"page\":1,\"rows\":10,\"keyword\":null,\"start\":0}]');
INSERT INTO `log` VALUES (116, 1, '2019-08-16 22:48:39', '0:0:0:0:0:0:0:1', 'com._520it.crm.service.impl.EmployeeServiceImpl@25602dff:PageResult com._520it.crm.service.IEmployeeService.queryForPage(EmployeeQueryObject)', '[{\"page\":1,\"rows\":10,\"keyword\":\"\",\"start\":0}]');
INSERT INTO `log` VALUES (117, 1, '2019-08-16 22:48:40', '0:0:0:0:0:0:0:1', 'com._520it.crm.service.impl.EmployeeServiceImpl@25602dff:int com._520it.crm.service.IEmployeeService.updateByPrimaryKey(Employee)', '[{\"id\":1,\"username\":\"admin\",\"realname\":\"bravo1988\",\"password\":null,\"tel\":\"18257555358\",\"email\":\"523839773@qq.com\",\"dept\":{\"id\":1,\"sn\":null,\"name\":null,\"manager\":null,\"parent\":null,\"state\":null},\"inputtime\":\"2019-08-15\",\"state\":null,\"admin\":null}]');
INSERT INTO `log` VALUES (118, 1, '2019-08-16 22:48:42', '0:0:0:0:0:0:0:1', 'com._520it.crm.service.impl.EmployeeServiceImpl@25602dff:PageResult com._520it.crm.service.IEmployeeService.queryForPage(EmployeeQueryObject)', '[{\"page\":1,\"rows\":10,\"keyword\":\"\",\"start\":0}]');
INSERT INTO `log` VALUES (119, NULL, '2019-08-17 09:40:37', '0:0:0:0:0:0:0:1', 'com._520it.crm.service.impl.EmployeeServiceImpl@25602dff:Employee com._520it.crm.service.IEmployeeService.getEmployeeForLogin(String,String)', '[\"admin\",\"123\"]');
INSERT INTO `log` VALUES (120, 1, '2019-08-17 09:40:39', '0:0:0:0:0:0:0:1', 'com._520it.crm.service.impl.PermissionServiceImpl@320ae973:PageResult com._520it.crm.service.IPermissionService.queryForPage(QueryObject)', '[{\"page\":1,\"rows\":10,\"rid\":null,\"start\":0}]');
INSERT INTO `log` VALUES (121, 1, '2019-08-17 09:40:39', '0:0:0:0:0:0:0:1', 'com._520it.crm.service.impl.RoleServiceImpl@4783668a:PageResult com._520it.crm.service.IRoleService.queryForPage(QueryObject)', '[{\"page\":1,\"rows\":10,\"start\":0}]');
INSERT INTO `log` VALUES (122, NULL, '2019-08-17 16:30:26', '0:0:0:0:0:0:0:1', 'com._520it.crm.service.impl.EmployeeServiceImpl@25602dff:Employee com._520it.crm.service.IEmployeeService.getEmployeeForLogin(String,String)', '[\"admin\",\"123\"]');
INSERT INTO `log` VALUES (123, 1, '2019-08-17 16:30:27', '0:0:0:0:0:0:0:1', 'com._520it.crm.service.impl.RoleServiceImpl@4783668a:PageResult com._520it.crm.service.IRoleService.queryForPage(QueryObject)', '[{\"page\":1,\"rows\":10,\"start\":0}]');
INSERT INTO `log` VALUES (124, 1, '2019-08-17 16:30:27', '0:0:0:0:0:0:0:1', 'com._520it.crm.service.impl.PermissionServiceImpl@320ae973:PageResult com._520it.crm.service.IPermissionService.queryForPage(QueryObject)', '[{\"page\":1,\"rows\":10,\"rid\":null,\"start\":0}]');
INSERT INTO `log` VALUES (125, 1, '2019-08-17 16:30:35', '0:0:0:0:0:0:0:1', 'com._520it.crm.service.impl.PermissionServiceImpl@320ae973:PageResult com._520it.crm.service.IPermissionService.queryForPage(QueryObject)', '[{\"page\":1,\"rows\":10,\"rid\":6,\"start\":0}]');
INSERT INTO `log` VALUES (126, 1, '2019-08-17 16:30:57', '0:0:0:0:0:0:0:1', 'com._520it.crm.service.impl.RoleServiceImpl@4783668a:int com._520it.crm.service.IRoleService.insert(Role)', '[{\"id\":7,\"name\":\"普通管理员也\",\"sn\":\"002\",\"permissions\":[{\"id\":2,\"name\":null,\"resource\":null},{\"id\":1,\"name\":null,\"resource\":null}]}]');
INSERT INTO `log` VALUES (127, 1, '2019-08-17 16:30:59', '0:0:0:0:0:0:0:1', 'com._520it.crm.service.impl.RoleServiceImpl@4783668a:PageResult com._520it.crm.service.IRoleService.queryForPage(QueryObject)', '[{\"page\":1,\"rows\":10,\"start\":0}]');
INSERT INTO `log` VALUES (128, 1, '2019-08-17 16:31:06', '0:0:0:0:0:0:0:1', 'com._520it.crm.service.impl.RoleServiceImpl@4783668a:PageResult com._520it.crm.service.IRoleService.queryForPage(QueryObject)', '[{\"page\":1,\"rows\":10,\"start\":0}]');
INSERT INTO `log` VALUES (129, 1, '2019-08-17 16:31:16', '0:0:0:0:0:0:0:1', 'com._520it.crm.service.impl.RoleServiceImpl@4783668a:PageResult com._520it.crm.service.IRoleService.queryForPage(QueryObject)', '[{\"page\":1,\"rows\":10,\"start\":0}]');
INSERT INTO `log` VALUES (130, 1, '2019-08-17 16:31:21', '0:0:0:0:0:0:0:1', 'com._520it.crm.service.impl.PermissionServiceImpl@320ae973:PageResult com._520it.crm.service.IPermissionService.queryForPage(QueryObject)', '[{\"page\":1,\"rows\":10,\"rid\":7,\"start\":0}]');
INSERT INTO `log` VALUES (131, 1, '2019-08-17 16:31:24', '0:0:0:0:0:0:0:1', 'com._520it.crm.service.impl.RoleServiceImpl@4783668a:int com._520it.crm.service.IRoleService.updateByPrimaryKey(Role)', '[{\"id\":7,\"name\":\"普通管理员\",\"sn\":\"002\",\"permissions\":[{\"id\":1,\"name\":null,\"resource\":null},{\"id\":2,\"name\":null,\"resource\":null}]}]');
INSERT INTO `log` VALUES (132, 1, '2019-08-17 16:31:26', '0:0:0:0:0:0:0:1', 'com._520it.crm.service.impl.RoleServiceImpl@4783668a:PageResult com._520it.crm.service.IRoleService.queryForPage(QueryObject)', '[{\"page\":1,\"rows\":10,\"start\":0}]');
INSERT INTO `log` VALUES (133, 1, '2019-08-17 16:31:37', '0:0:0:0:0:0:0:1', 'com._520it.crm.service.impl.RoleServiceImpl@4783668a:PageResult com._520it.crm.service.IRoleService.queryForPage(QueryObject)', '[{\"page\":1,\"rows\":10,\"start\":0}]');
INSERT INTO `log` VALUES (134, 1, '2019-08-17 16:32:18', '0:0:0:0:0:0:0:1', 'com._520it.crm.service.impl.RoleServiceImpl@4783668a:PageResult com._520it.crm.service.IRoleService.queryForPage(QueryObject)', '[{\"page\":1,\"rows\":10,\"start\":0}]');
INSERT INTO `log` VALUES (135, NULL, '2019-08-17 16:36:38', '0:0:0:0:0:0:0:1', 'com._520it.crm.service.impl.EmployeeServiceImpl@383f5e46:Employee com._520it.crm.service.IEmployeeService.getEmployeeForLogin(String,String)', '[\"admin\",\"123\"]');
INSERT INTO `log` VALUES (136, 1, '2019-08-17 16:36:44', '0:0:0:0:0:0:0:1', 'com._520it.crm.service.impl.RoleServiceImpl@4c0aafc8:PageResult com._520it.crm.service.IRoleService.queryForPage(QueryObject)', '[{\"page\":1,\"rows\":10,\"start\":0}]');
INSERT INTO `log` VALUES (137, 1, '2019-08-17 16:36:44', '0:0:0:0:0:0:0:1', 'com._520it.crm.service.impl.PermissionServiceImpl@1bd3bacc:PageResult com._520it.crm.service.IPermissionService.queryForPage(QueryObject)', '[{\"page\":1,\"rows\":10,\"rid\":null,\"start\":0}]');
INSERT INTO `log` VALUES (138, NULL, '2019-08-17 16:37:42', '0:0:0:0:0:0:0:1', 'com._520it.crm.service.impl.EmployeeServiceImpl@3173c592:Employee com._520it.crm.service.IEmployeeService.getEmployeeForLogin(String,String)', '[\"admin\",\"123\"]');
INSERT INTO `log` VALUES (139, 1, '2019-08-17 16:37:44', '0:0:0:0:0:0:0:1', 'com._520it.crm.service.impl.RoleServiceImpl@722aac58:PageResult com._520it.crm.service.IRoleService.queryForPage(QueryObject)', '[{\"page\":1,\"rows\":10,\"keyword\":null,\"start\":0}]');
INSERT INTO `log` VALUES (140, 1, '2019-08-17 16:37:44', '0:0:0:0:0:0:0:1', 'com._520it.crm.service.impl.PermissionServiceImpl@1f451257:PageResult com._520it.crm.service.IPermissionService.queryForPage(QueryObject)', '[{\"page\":1,\"rows\":10,\"rid\":null,\"start\":0}]');
INSERT INTO `log` VALUES (141, 1, '2019-08-17 16:37:50', '0:0:0:0:0:0:0:1', 'com._520it.crm.service.impl.RoleServiceImpl@722aac58:PageResult com._520it.crm.service.IRoleService.queryForPage(QueryObject)', '[{\"page\":1,\"rows\":10,\"keyword\":\"超级\",\"start\":0}]');
INSERT INTO `log` VALUES (142, NULL, '2019-08-17 16:57:05', '0:0:0:0:0:0:0:1', 'com._520it.crm.service.impl.EmployeeServiceImpl@7854672f:Employee com._520it.crm.service.IEmployeeService.getEmployeeForLogin(String,String)', '[\"admin\",\"123\"]');
INSERT INTO `log` VALUES (143, 1, '2019-08-17 16:57:07', '0:0:0:0:0:0:0:1', 'com._520it.crm.service.impl.DepartmentServiceImpl@3a1b171c:List com._520it.crm.service.IDepartmentService.queryForEmp()', '[]');
INSERT INTO `log` VALUES (144, 1, '2019-08-17 16:57:07', '0:0:0:0:0:0:0:1', 'com._520it.crm.service.impl.RoleServiceImpl@1e2c2f57:List com._520it.crm.service.IRoleService.selectAll()', '[]');
INSERT INTO `log` VALUES (145, 1, '2019-08-17 16:57:07', '0:0:0:0:0:0:0:1', 'com._520it.crm.service.impl.EmployeeServiceImpl@7854672f:PageResult com._520it.crm.service.IEmployeeService.queryForPage(EmployeeQueryObject)', '[{\"page\":1,\"rows\":10,\"keyword\":null,\"start\":0}]');
INSERT INTO `log` VALUES (146, 1, '2019-08-17 16:57:53', '0:0:0:0:0:0:0:1', 'com._520it.crm.service.impl.DepartmentServiceImpl@3a1b171c:List com._520it.crm.service.IDepartmentService.queryForEmp()', '[]');
INSERT INTO `log` VALUES (147, 1, '2019-08-17 16:57:53', '0:0:0:0:0:0:0:1', 'com._520it.crm.service.impl.RoleServiceImpl@1e2c2f57:List com._520it.crm.service.IRoleService.selectAll()', '[]');
INSERT INTO `log` VALUES (148, 1, '2019-08-17 16:57:53', '0:0:0:0:0:0:0:1', 'com._520it.crm.service.impl.EmployeeServiceImpl@7854672f:PageResult com._520it.crm.service.IEmployeeService.queryForPage(EmployeeQueryObject)', '[{\"page\":1,\"rows\":10,\"keyword\":null,\"start\":0}]');
INSERT INTO `log` VALUES (149, 1, '2019-08-17 16:58:22', '0:0:0:0:0:0:0:1', 'com._520it.crm.service.impl.DepartmentServiceImpl@3a1b171c:List com._520it.crm.service.IDepartmentService.queryForEmp()', '[]');
INSERT INTO `log` VALUES (150, 1, '2019-08-17 16:58:22', '0:0:0:0:0:0:0:1', 'com._520it.crm.service.impl.RoleServiceImpl@1e2c2f57:List com._520it.crm.service.IRoleService.selectAll()', '[]');
INSERT INTO `log` VALUES (151, 1, '2019-08-17 16:58:22', '0:0:0:0:0:0:0:1', 'com._520it.crm.service.impl.EmployeeServiceImpl@7854672f:PageResult com._520it.crm.service.IEmployeeService.queryForPage(EmployeeQueryObject)', '[{\"page\":1,\"rows\":10,\"keyword\":null,\"start\":0}]');
INSERT INTO `log` VALUES (152, 1, '2019-08-17 16:58:36', '0:0:0:0:0:0:0:1', 'com._520it.crm.service.impl.RoleServiceImpl@1e2c2f57:PageResult com._520it.crm.service.IRoleService.queryForPage(QueryObject)', '[{\"page\":1,\"rows\":10,\"keyword\":null,\"start\":0}]');
INSERT INTO `log` VALUES (153, 1, '2019-08-17 16:58:36', '0:0:0:0:0:0:0:1', 'com._520it.crm.service.impl.PermissionServiceImpl@3c7a139f:PageResult com._520it.crm.service.IPermissionService.queryForPage(QueryObject)', '[{\"page\":1,\"rows\":10,\"rid\":null,\"start\":0}]');
INSERT INTO `log` VALUES (154, 1, '2019-08-17 16:59:08', '0:0:0:0:0:0:0:1', 'com._520it.crm.service.impl.DepartmentServiceImpl@3a1b171c:List com._520it.crm.service.IDepartmentService.queryForEmp()', '[]');
INSERT INTO `log` VALUES (155, 1, '2019-08-17 16:59:08', '0:0:0:0:0:0:0:1', 'com._520it.crm.service.impl.RoleServiceImpl@1e2c2f57:List com._520it.crm.service.IRoleService.selectAll()', '[]');
INSERT INTO `log` VALUES (156, 1, '2019-08-17 16:59:08', '0:0:0:0:0:0:0:1', 'com._520it.crm.service.impl.EmployeeServiceImpl@7854672f:PageResult com._520it.crm.service.IEmployeeService.queryForPage(EmployeeQueryObject)', '[{\"page\":1,\"rows\":10,\"keyword\":null,\"start\":0}]');
INSERT INTO `log` VALUES (157, NULL, '2019-08-17 16:59:23', '0:0:0:0:0:0:0:1', 'com._520it.crm.service.impl.EmployeeServiceImpl@7854672f:Employee com._520it.crm.service.IEmployeeService.getEmployeeForLogin(String,String)', '[\"admin\",\"123\"]');
INSERT INTO `log` VALUES (158, 1, '2019-08-17 16:59:24', '0:0:0:0:0:0:0:1', 'com._520it.crm.service.impl.DepartmentServiceImpl@3a1b171c:List com._520it.crm.service.IDepartmentService.queryForEmp()', '[]');
INSERT INTO `log` VALUES (159, 1, '2019-08-17 16:59:24', '0:0:0:0:0:0:0:1', 'com._520it.crm.service.impl.RoleServiceImpl@1e2c2f57:List com._520it.crm.service.IRoleService.selectAll()', '[]');
INSERT INTO `log` VALUES (160, 1, '2019-08-17 16:59:24', '0:0:0:0:0:0:0:1', 'com._520it.crm.service.impl.EmployeeServiceImpl@7854672f:PageResult com._520it.crm.service.IEmployeeService.queryForPage(EmployeeQueryObject)', '[{\"page\":1,\"rows\":10,\"keyword\":null,\"start\":0}]');
INSERT INTO `log` VALUES (161, 1, '2019-08-17 16:59:40', '0:0:0:0:0:0:0:1', 'com._520it.crm.service.impl.DepartmentServiceImpl@3a1b171c:List com._520it.crm.service.IDepartmentService.queryForEmp()', '[]');
INSERT INTO `log` VALUES (162, 1, '2019-08-17 16:59:40', '0:0:0:0:0:0:0:1', 'com._520it.crm.service.impl.RoleServiceImpl@1e2c2f57:List com._520it.crm.service.IRoleService.selectAll()', '[]');
INSERT INTO `log` VALUES (163, 1, '2019-08-17 16:59:40', '0:0:0:0:0:0:0:1', 'com._520it.crm.service.impl.EmployeeServiceImpl@7854672f:PageResult com._520it.crm.service.IEmployeeService.queryForPage(EmployeeQueryObject)', '[{\"page\":1,\"rows\":10,\"keyword\":null,\"start\":0}]');
INSERT INTO `log` VALUES (164, 1, '2019-08-17 16:59:54', '0:0:0:0:0:0:0:1', 'com._520it.crm.service.impl.DepartmentServiceImpl@3a1b171c:List com._520it.crm.service.IDepartmentService.queryForEmp()', '[]');
INSERT INTO `log` VALUES (165, 1, '2019-08-17 16:59:54', '0:0:0:0:0:0:0:1', 'com._520it.crm.service.impl.RoleServiceImpl@1e2c2f57:List com._520it.crm.service.IRoleService.selectAll()', '[]');
INSERT INTO `log` VALUES (166, 1, '2019-08-17 16:59:54', '0:0:0:0:0:0:0:1', 'com._520it.crm.service.impl.EmployeeServiceImpl@7854672f:PageResult com._520it.crm.service.IEmployeeService.queryForPage(EmployeeQueryObject)', '[{\"page\":1,\"rows\":10,\"keyword\":null,\"start\":0}]');
INSERT INTO `log` VALUES (167, NULL, '2019-08-17 17:25:05', '0:0:0:0:0:0:0:1', 'com._520it.crm.service.impl.EmployeeServiceImpl@54859d12:Employee com._520it.crm.service.IEmployeeService.getEmployeeForLogin(String,String)', '[\"admin\",\"123\"]');
INSERT INTO `log` VALUES (168, 1, '2019-08-17 17:25:22', '0:0:0:0:0:0:0:1', 'com._520it.crm.service.impl.DepartmentServiceImpl@8a3ab5b:List com._520it.crm.service.IDepartmentService.queryForEmp()', '[]');
INSERT INTO `log` VALUES (169, 1, '2019-08-17 17:25:22', '0:0:0:0:0:0:0:1', 'com._520it.crm.service.impl.RoleServiceImpl@5ff77017:List com._520it.crm.service.IRoleService.selectAll()', '[]');
INSERT INTO `log` VALUES (170, 1, '2019-08-17 17:25:22', '0:0:0:0:0:0:0:1', 'com._520it.crm.service.impl.EmployeeServiceImpl@54859d12:PageResult com._520it.crm.service.IEmployeeService.queryForPage(EmployeeQueryObject)', '[{\"page\":1,\"rows\":10,\"keyword\":null,\"start\":0}]');
INSERT INTO `log` VALUES (171, 1, '2019-08-17 17:26:14', '0:0:0:0:0:0:0:1', 'com._520it.crm.service.impl.EmployeeServiceImpl@54859d12:int com._520it.crm.service.IEmployeeService.insert(Employee)', '[{\"id\":37,\"username\":\"新增测试\",\"realname\":\"测试1号\",\"password\":\"123\",\"tel\":\"18247238249\",\"email\":\"523839773@qq.com\",\"dept\":{\"id\":2,\"sn\":null,\"name\":null,\"manager\":null,\"parent\":null,\"state\":null},\"inputtime\":\"2019-08-17\",\"state\":true,\"admin\":false,\"roles\":[{\"id\":6,\"name\":null,\"sn\":null,\"permissions\":[]},{\"id\":7,\"name\":null,\"sn\":null,\"permissions\":[]}]}]');
INSERT INTO `log` VALUES (172, 1, '2019-08-17 17:26:15', '0:0:0:0:0:0:0:1', 'com._520it.crm.service.impl.EmployeeServiceImpl@54859d12:PageResult com._520it.crm.service.IEmployeeService.queryForPage(EmployeeQueryObject)', '[{\"page\":1,\"rows\":10,\"keyword\":null,\"start\":0}]');
INSERT INTO `log` VALUES (173, 1, '2019-08-17 17:26:22', '0:0:0:0:0:0:0:1', 'com._520it.crm.service.impl.EmployeeServiceImpl@54859d12:PageResult com._520it.crm.service.IEmployeeService.queryForPage(EmployeeQueryObject)', '[{\"page\":1,\"rows\":10,\"keyword\":null,\"start\":0}]');
INSERT INTO `log` VALUES (174, 1, '2019-08-17 17:26:24', '0:0:0:0:0:0:0:1', 'com._520it.crm.service.impl.EmployeeServiceImpl@54859d12:PageResult com._520it.crm.service.IEmployeeService.queryForPage(EmployeeQueryObject)', '[{\"page\":1,\"rows\":10,\"keyword\":null,\"start\":0}]');
INSERT INTO `log` VALUES (175, 1, '2019-08-17 17:26:24', '0:0:0:0:0:0:0:1', 'com._520it.crm.service.impl.EmployeeServiceImpl@54859d12:PageResult com._520it.crm.service.IEmployeeService.queryForPage(EmployeeQueryObject)', '[{\"page\":1,\"rows\":10,\"keyword\":null,\"start\":0}]');
INSERT INTO `log` VALUES (176, 1, '2019-08-17 17:26:25', '0:0:0:0:0:0:0:1', 'com._520it.crm.service.impl.EmployeeServiceImpl@54859d12:PageResult com._520it.crm.service.IEmployeeService.queryForPage(EmployeeQueryObject)', '[{\"page\":1,\"rows\":10,\"keyword\":null,\"start\":0}]');
INSERT INTO `log` VALUES (177, 1, '2019-08-17 17:26:25', '0:0:0:0:0:0:0:1', 'com._520it.crm.service.impl.EmployeeServiceImpl@54859d12:PageResult com._520it.crm.service.IEmployeeService.queryForPage(EmployeeQueryObject)', '[{\"page\":1,\"rows\":10,\"keyword\":null,\"start\":0}]');
INSERT INTO `log` VALUES (178, 1, '2019-08-17 17:26:25', '0:0:0:0:0:0:0:1', 'com._520it.crm.service.impl.EmployeeServiceImpl@54859d12:PageResult com._520it.crm.service.IEmployeeService.queryForPage(EmployeeQueryObject)', '[{\"page\":1,\"rows\":10,\"keyword\":null,\"start\":0}]');
INSERT INTO `log` VALUES (179, 1, '2019-08-17 17:26:26', '0:0:0:0:0:0:0:1', 'com._520it.crm.service.impl.EmployeeServiceImpl@54859d12:PageResult com._520it.crm.service.IEmployeeService.queryForPage(EmployeeQueryObject)', '[{\"page\":1,\"rows\":10,\"keyword\":null,\"start\":0}]');
INSERT INTO `log` VALUES (180, 1, '2019-08-17 17:26:26', '0:0:0:0:0:0:0:1', 'com._520it.crm.service.impl.EmployeeServiceImpl@54859d12:PageResult com._520it.crm.service.IEmployeeService.queryForPage(EmployeeQueryObject)', '[{\"page\":1,\"rows\":10,\"keyword\":null,\"start\":0}]');
INSERT INTO `log` VALUES (181, 1, '2019-08-17 17:26:29', '0:0:0:0:0:0:0:1', 'com._520it.crm.service.impl.RoleServiceImpl@5ff77017:PageResult com._520it.crm.service.IRoleService.queryForPage(QueryObject)', '[{\"page\":1,\"rows\":10,\"keyword\":null,\"start\":0}]');
INSERT INTO `log` VALUES (182, 1, '2019-08-17 17:26:30', '0:0:0:0:0:0:0:1', 'com._520it.crm.service.impl.PermissionServiceImpl@17aea63c:PageResult com._520it.crm.service.IPermissionService.queryForPage(QueryObject)', '[{\"page\":1,\"rows\":10,\"rid\":null,\"start\":0}]');
INSERT INTO `log` VALUES (183, 1, '2019-08-17 17:26:30', '0:0:0:0:0:0:0:1', 'com._520it.crm.service.impl.DepartmentServiceImpl@8a3ab5b:List com._520it.crm.service.IDepartmentService.queryForEmp()', '[]');
INSERT INTO `log` VALUES (184, 1, '2019-08-17 17:26:30', '0:0:0:0:0:0:0:1', 'com._520it.crm.service.impl.RoleServiceImpl@5ff77017:List com._520it.crm.service.IRoleService.selectAll()', '[]');
INSERT INTO `log` VALUES (185, 1, '2019-08-17 17:26:30', '0:0:0:0:0:0:0:1', 'com._520it.crm.service.impl.EmployeeServiceImpl@54859d12:PageResult com._520it.crm.service.IEmployeeService.queryForPage(EmployeeQueryObject)', '[{\"page\":1,\"rows\":10,\"keyword\":null,\"start\":0}]');
INSERT INTO `log` VALUES (186, 1, '2019-08-17 17:26:47', '0:0:0:0:0:0:0:1', 'com._520it.crm.service.impl.EmployeeServiceImpl@54859d12:PageResult com._520it.crm.service.IEmployeeService.queryForPage(EmployeeQueryObject)', '[{\"page\":2,\"rows\":10,\"keyword\":null,\"start\":10}]');
INSERT INTO `log` VALUES (187, 1, '2019-08-17 17:33:42', '0:0:0:0:0:0:0:1', 'com._520it.crm.service.impl.RoleServiceImpl@5ff77017:PageResult com._520it.crm.service.IRoleService.queryForPage(QueryObject)', '[{\"page\":1,\"rows\":10,\"keyword\":null,\"start\":0}]');
INSERT INTO `log` VALUES (188, 1, '2019-08-17 17:33:42', '0:0:0:0:0:0:0:1', 'com._520it.crm.service.impl.PermissionServiceImpl@17aea63c:PageResult com._520it.crm.service.IPermissionService.queryForPage(QueryObject)', '[{\"page\":1,\"rows\":10,\"rid\":null,\"start\":0}]');
INSERT INTO `log` VALUES (189, 1, '2019-08-17 17:33:47', '0:0:0:0:0:0:0:1', 'com._520it.crm.service.impl.PermissionServiceImpl@17aea63c:PageResult com._520it.crm.service.IPermissionService.queryForPage(QueryObject)', '[{\"page\":1,\"rows\":10,\"rid\":6,\"start\":0}]');
INSERT INTO `log` VALUES (190, 1, '2019-08-17 17:33:53', '0:0:0:0:0:0:0:1', 'com._520it.crm.service.impl.RoleServiceImpl@5ff77017:int com._520it.crm.service.IRoleService.updateByPrimaryKey(Role)', '[{\"id\":6,\"name\":\"超级管理员\",\"sn\":\"001\",\"permissions\":[{\"id\":1,\"name\":null,\"resource\":null},{\"id\":2,\"name\":null,\"resource\":null},{\"id\":3,\"name\":null,\"resource\":null}]}]');
INSERT INTO `log` VALUES (191, 1, '2019-08-17 17:33:55', '0:0:0:0:0:0:0:1', 'com._520it.crm.service.impl.RoleServiceImpl@5ff77017:PageResult com._520it.crm.service.IRoleService.queryForPage(QueryObject)', '[{\"page\":1,\"rows\":10,\"keyword\":null,\"start\":0}]');
INSERT INTO `log` VALUES (192, 1, '2019-08-17 17:33:58', '0:0:0:0:0:0:0:1', 'com._520it.crm.service.impl.PermissionServiceImpl@17aea63c:PageResult com._520it.crm.service.IPermissionService.queryForPage(QueryObject)', '[{\"page\":1,\"rows\":10,\"rid\":7,\"start\":0}]');
INSERT INTO `log` VALUES (193, 1, '2019-08-17 17:34:03', '0:0:0:0:0:0:0:1', 'com._520it.crm.service.impl.RoleServiceImpl@5ff77017:int com._520it.crm.service.IRoleService.updateByPrimaryKey(Role)', '[{\"id\":7,\"name\":\"普通管理员\",\"sn\":\"002\",\"permissions\":[{\"id\":2,\"name\":null,\"resource\":null},{\"id\":1,\"name\":null,\"resource\":null}]}]');
INSERT INTO `log` VALUES (194, 1, '2019-08-17 17:34:04', '0:0:0:0:0:0:0:1', 'com._520it.crm.service.impl.RoleServiceImpl@5ff77017:PageResult com._520it.crm.service.IRoleService.queryForPage(QueryObject)', '[{\"page\":1,\"rows\":10,\"keyword\":null,\"start\":0}]');
INSERT INTO `log` VALUES (195, 1, '2019-08-17 17:34:06', '0:0:0:0:0:0:0:1', 'com._520it.crm.service.impl.DepartmentServiceImpl@8a3ab5b:List com._520it.crm.service.IDepartmentService.queryForEmp()', '[]');
INSERT INTO `log` VALUES (196, 1, '2019-08-17 17:34:06', '0:0:0:0:0:0:0:1', 'com._520it.crm.service.impl.RoleServiceImpl@5ff77017:List com._520it.crm.service.IRoleService.selectAll()', '[]');
INSERT INTO `log` VALUES (197, 1, '2019-08-17 17:34:06', '0:0:0:0:0:0:0:1', 'com._520it.crm.service.impl.EmployeeServiceImpl@54859d12:PageResult com._520it.crm.service.IEmployeeService.queryForPage(EmployeeQueryObject)', '[{\"page\":1,\"rows\":10,\"keyword\":null,\"start\":0}]');
INSERT INTO `log` VALUES (198, 1, '2019-08-17 17:34:18', '0:0:0:0:0:0:0:1', 'com._520it.crm.service.impl.EmployeeServiceImpl@54859d12:PageResult com._520it.crm.service.IEmployeeService.queryForPage(EmployeeQueryObject)', '[{\"page\":1,\"rows\":20,\"keyword\":null,\"start\":0}]');
INSERT INTO `log` VALUES (199, 1, '2019-08-17 17:35:18', '0:0:0:0:0:0:0:1', 'com._520it.crm.service.impl.EmployeeServiceImpl@54859d12:int com._520it.crm.service.IEmployeeService.insert(Employee)', '[{\"id\":38,\"username\":\"新增测试2\",\"realname\":\"测试2号\",\"password\":\"123\",\"tel\":\"1823838839\",\"email\":\"xxx\",\"dept\":{\"id\":2,\"sn\":null,\"name\":null,\"manager\":null,\"parent\":null,\"state\":null},\"inputtime\":\"2019-08-17\",\"state\":true,\"admin\":false,\"roles\":[{\"id\":6,\"name\":null,\"sn\":null,\"permissions\":[]},{\"id\":7,\"name\":null,\"sn\":null,\"permissions\":[]}]}]');
INSERT INTO `log` VALUES (200, 1, '2019-08-17 17:35:19', '0:0:0:0:0:0:0:1', 'com._520it.crm.service.impl.EmployeeServiceImpl@54859d12:PageResult com._520it.crm.service.IEmployeeService.queryForPage(EmployeeQueryObject)', '[{\"page\":1,\"rows\":20,\"keyword\":null,\"start\":0}]');
INSERT INTO `log` VALUES (201, NULL, '2019-08-17 18:05:30', '0:0:0:0:0:0:0:1', 'com._520it.crm.service.impl.EmployeeServiceImpl@144633fa:Employee com._520it.crm.service.IEmployeeService.getEmployeeForLogin(String,String)', '[\"admin\",\"123\"]');
INSERT INTO `log` VALUES (202, 1, '2019-08-17 18:05:31', '0:0:0:0:0:0:0:1', 'com._520it.crm.service.impl.DepartmentServiceImpl@7bf6e0a0:List com._520it.crm.service.IDepartmentService.queryForEmp()', '[]');
INSERT INTO `log` VALUES (203, 1, '2019-08-17 18:05:31', '0:0:0:0:0:0:0:1', 'com._520it.crm.service.impl.RoleServiceImpl@745c2e43:List com._520it.crm.service.IRoleService.selectAll()', '[]');
INSERT INTO `log` VALUES (204, 1, '2019-08-17 18:05:31', '0:0:0:0:0:0:0:1', 'com._520it.crm.service.impl.EmployeeServiceImpl@144633fa:PageResult com._520it.crm.service.IEmployeeService.queryForPage(EmployeeQueryObject)', '[{\"page\":1,\"rows\":10,\"keyword\":null,\"start\":0}]');
INSERT INTO `log` VALUES (205, 1, '2019-08-17 18:05:33', '0:0:0:0:0:0:0:1', 'com._520it.crm.service.impl.EmployeeServiceImpl@144633fa:List com._520it.crm.service.IEmployeeService.queryByEid(Long)', '[null]');
INSERT INTO `log` VALUES (206, 1, '2019-08-17 18:05:40', '0:0:0:0:0:0:0:1', 'com._520it.crm.service.impl.EmployeeServiceImpl@144633fa:int com._520it.crm.service.IEmployeeService.updateByPrimaryKey(Employee)', '[{\"id\":1,\"username\":\"admin\",\"realname\":\"bravo1988\",\"password\":null,\"tel\":\"18257555358\",\"email\":\"523839773@qq.com\",\"dept\":{\"id\":1,\"sn\":null,\"name\":null,\"manager\":null,\"parent\":null,\"state\":null},\"inputtime\":\"2019-08-15\",\"state\":null,\"admin\":null,\"roles\":[{\"id\":6,\"name\":null,\"sn\":null,\"permissions\":[]},{\"id\":7,\"name\":null,\"sn\":null,\"permissions\":[]}]}]');
INSERT INTO `log` VALUES (207, 1, '2019-08-17 18:05:42', '0:0:0:0:0:0:0:1', 'com._520it.crm.service.impl.EmployeeServiceImpl@144633fa:PageResult com._520it.crm.service.IEmployeeService.queryForPage(EmployeeQueryObject)', '[{\"page\":1,\"rows\":10,\"keyword\":null,\"start\":0}]');
INSERT INTO `log` VALUES (208, 1, '2019-08-17 18:05:44', '0:0:0:0:0:0:0:1', 'com._520it.crm.service.impl.EmployeeServiceImpl@144633fa:List com._520it.crm.service.IEmployeeService.queryByEid(Long)', '[null]');
INSERT INTO `log` VALUES (209, 1, '2019-08-17 18:06:06', '0:0:0:0:0:0:0:1', 'com._520it.crm.service.impl.EmployeeServiceImpl@144633fa:List com._520it.crm.service.IEmployeeService.queryByEid(Long)', '[null]');
INSERT INTO `log` VALUES (210, 1, '2019-08-17 18:06:51', '0:0:0:0:0:0:0:1', 'com._520it.crm.service.impl.EmployeeServiceImpl@144633fa:int com._520it.crm.service.IEmployeeService.updateByPrimaryKey(Employee)', '[{\"id\":1,\"username\":\"admin\",\"realname\":\"bravo1988\",\"password\":null,\"tel\":\"18257555358\",\"email\":\"523839773@qq.com\",\"dept\":{\"id\":1,\"sn\":null,\"name\":null,\"manager\":null,\"parent\":null,\"state\":null},\"inputtime\":\"2019-08-15\",\"state\":null,\"admin\":null,\"roles\":[{\"id\":6,\"name\":null,\"sn\":null,\"permissions\":[]},{\"id\":7,\"name\":null,\"sn\":null,\"permissions\":[]}]}]');
INSERT INTO `log` VALUES (211, 1, '2019-08-17 18:06:53', '0:0:0:0:0:0:0:1', 'com._520it.crm.service.impl.EmployeeServiceImpl@144633fa:PageResult com._520it.crm.service.IEmployeeService.queryForPage(EmployeeQueryObject)', '[{\"page\":1,\"rows\":10,\"keyword\":null,\"start\":0}]');
INSERT INTO `log` VALUES (212, 1, '2019-08-17 18:07:31', '0:0:0:0:0:0:0:1', 'com._520it.crm.service.impl.EmployeeServiceImpl@144633fa:List com._520it.crm.service.IEmployeeService.queryByEid(Long)', '[null]');
INSERT INTO `log` VALUES (213, NULL, '2019-08-17 18:08:47', '0:0:0:0:0:0:0:1', 'com._520it.crm.service.impl.EmployeeServiceImpl@44ff8b6c:Employee com._520it.crm.service.IEmployeeService.getEmployeeForLogin(String,String)', '[\"admin\",\"123\"]');
INSERT INTO `log` VALUES (214, 1, '2019-08-17 18:08:48', '0:0:0:0:0:0:0:1', 'com._520it.crm.service.impl.DepartmentServiceImpl@330676c:List com._520it.crm.service.IDepartmentService.queryForEmp()', '[]');
INSERT INTO `log` VALUES (215, 1, '2019-08-17 18:08:48', '0:0:0:0:0:0:0:1', 'com._520it.crm.service.impl.RoleServiceImpl@7d537654:List com._520it.crm.service.IRoleService.selectAll()', '[]');
INSERT INTO `log` VALUES (216, 1, '2019-08-17 18:08:48', '0:0:0:0:0:0:0:1', 'com._520it.crm.service.impl.EmployeeServiceImpl@44ff8b6c:PageResult com._520it.crm.service.IEmployeeService.queryForPage(EmployeeQueryObject)', '[{\"page\":1,\"rows\":10,\"keyword\":null,\"start\":0}]');
INSERT INTO `log` VALUES (217, 1, '2019-08-17 18:08:50', '0:0:0:0:0:0:0:1', 'com._520it.crm.service.impl.EmployeeServiceImpl@44ff8b6c:List com._520it.crm.service.IEmployeeService.queryByEid(Long)', '[null]');
INSERT INTO `log` VALUES (218, 1, '2019-08-17 18:09:35', '0:0:0:0:0:0:0:1', 'com._520it.crm.service.impl.EmployeeServiceImpl@44ff8b6c:List com._520it.crm.service.IEmployeeService.queryByEid(Long)', '[null]');
INSERT INTO `log` VALUES (219, 1, '2019-08-17 18:10:10', '0:0:0:0:0:0:0:1', 'com._520it.crm.service.impl.EmployeeServiceImpl@44ff8b6c:List com._520it.crm.service.IEmployeeService.queryByEid(Long)', '[null]');
INSERT INTO `log` VALUES (220, NULL, '2019-08-17 18:11:31', '0:0:0:0:0:0:0:1', 'com._520it.crm.service.impl.EmployeeServiceImpl@6e182adc:Employee com._520it.crm.service.IEmployeeService.getEmployeeForLogin(String,String)', '[\"admin\",\"123\"]');
INSERT INTO `log` VALUES (221, 1, '2019-08-17 18:11:33', '0:0:0:0:0:0:0:1', 'com._520it.crm.service.impl.DepartmentServiceImpl@1e984597:List com._520it.crm.service.IDepartmentService.queryForEmp()', '[]');
INSERT INTO `log` VALUES (222, 1, '2019-08-17 18:11:33', '0:0:0:0:0:0:0:1', 'com._520it.crm.service.impl.RoleServiceImpl@3dfe3c14:List com._520it.crm.service.IRoleService.selectAll()', '[]');
INSERT INTO `log` VALUES (223, 1, '2019-08-17 18:11:33', '0:0:0:0:0:0:0:1', 'com._520it.crm.service.impl.EmployeeServiceImpl@6e182adc:PageResult com._520it.crm.service.IEmployeeService.queryForPage(EmployeeQueryObject)', '[{\"page\":1,\"rows\":10,\"keyword\":null,\"start\":0}]');
INSERT INTO `log` VALUES (224, 1, '2019-08-17 18:11:35', '0:0:0:0:0:0:0:1', 'com._520it.crm.service.impl.EmployeeServiceImpl@6e182adc:List com._520it.crm.service.IEmployeeService.queryByEid(Long)', '[1]');
INSERT INTO `log` VALUES (225, 1, '2019-08-17 18:11:45', '0:0:0:0:0:0:0:1', 'com._520it.crm.service.impl.EmployeeServiceImpl@6e182adc:List com._520it.crm.service.IEmployeeService.queryByEid(Long)', '[1]');
INSERT INTO `log` VALUES (226, NULL, '2019-08-17 18:13:44', '0:0:0:0:0:0:0:1', 'com._520it.crm.service.impl.EmployeeServiceImpl@45195bab:Employee com._520it.crm.service.IEmployeeService.getEmployeeForLogin(String,String)', '[\"admin\",\"123\"]');
INSERT INTO `log` VALUES (227, 1, '2019-08-17 18:13:45', '0:0:0:0:0:0:0:1', 'com._520it.crm.service.impl.DepartmentServiceImpl@a050010:List com._520it.crm.service.IDepartmentService.queryForEmp()', '[]');
INSERT INTO `log` VALUES (228, 1, '2019-08-17 18:13:45', '0:0:0:0:0:0:0:1', 'com._520it.crm.service.impl.RoleServiceImpl@6553b62:List com._520it.crm.service.IRoleService.selectAll()', '[]');
INSERT INTO `log` VALUES (229, 1, '2019-08-17 18:13:45', '0:0:0:0:0:0:0:1', 'com._520it.crm.service.impl.EmployeeServiceImpl@45195bab:PageResult com._520it.crm.service.IEmployeeService.queryForPage(EmployeeQueryObject)', '[{\"page\":1,\"rows\":10,\"keyword\":null,\"start\":0}]');
INSERT INTO `log` VALUES (230, 1, '2019-08-17 18:13:47', '0:0:0:0:0:0:0:1', 'com._520it.crm.service.impl.EmployeeServiceImpl@45195bab:List com._520it.crm.service.IEmployeeService.queryByEid(Long)', '[1]');
INSERT INTO `log` VALUES (231, 1, '2019-08-17 18:18:30', '0:0:0:0:0:0:0:1', 'com._520it.crm.service.impl.EmployeeServiceImpl@45195bab:int com._520it.crm.service.IEmployeeService.insert(Employee)', '[{\"id\":39,\"username\":\"测试账号\",\"realname\":\"测试1号\",\"password\":\"123\",\"tel\":\"21\",\"email\":\"7777\",\"dept\":{\"id\":2,\"sn\":null,\"name\":null,\"manager\":null,\"parent\":null,\"state\":null},\"inputtime\":\"2019-08-15\",\"state\":true,\"admin\":false,\"roles\":[{\"id\":6,\"name\":null,\"sn\":null,\"permissions\":[]}]}]');
INSERT INTO `log` VALUES (232, 1, '2019-08-17 18:18:32', '0:0:0:0:0:0:0:1', 'com._520it.crm.service.impl.EmployeeServiceImpl@45195bab:PageResult com._520it.crm.service.IEmployeeService.queryForPage(EmployeeQueryObject)', '[{\"page\":1,\"rows\":10,\"keyword\":null,\"start\":0}]');
INSERT INTO `log` VALUES (233, 1, '2019-08-17 18:18:36', '0:0:0:0:0:0:0:1', 'com._520it.crm.service.impl.EmployeeServiceImpl@45195bab:PageResult com._520it.crm.service.IEmployeeService.queryForPage(EmployeeQueryObject)', '[{\"page\":1,\"rows\":20,\"keyword\":null,\"start\":0}]');
INSERT INTO `log` VALUES (234, 1, '2019-08-17 18:18:42', '0:0:0:0:0:0:0:1', 'com._520it.crm.service.impl.EmployeeServiceImpl@45195bab:List com._520it.crm.service.IEmployeeService.queryByEid(Long)', '[39]');
INSERT INTO `log` VALUES (235, 1, '2019-08-17 18:18:48', '0:0:0:0:0:0:0:1', 'com._520it.crm.service.impl.EmployeeServiceImpl@45195bab:int com._520it.crm.service.IEmployeeService.updateByPrimaryKey(Employee)', '[{\"id\":39,\"username\":\"测试账号\",\"realname\":\"测试1号\",\"password\":null,\"tel\":\"21\",\"email\":\"7777\",\"dept\":{\"id\":2,\"sn\":null,\"name\":null,\"manager\":null,\"parent\":null,\"state\":null},\"inputtime\":\"2019-08-15\",\"state\":null,\"admin\":null,\"roles\":[{\"id\":6,\"name\":null,\"sn\":null,\"permissions\":[]},{\"id\":7,\"name\":null,\"sn\":null,\"permissions\":[]}]}]');
INSERT INTO `log` VALUES (236, 1, '2019-08-17 18:18:49', '0:0:0:0:0:0:0:1', 'com._520it.crm.service.impl.EmployeeServiceImpl@45195bab:PageResult com._520it.crm.service.IEmployeeService.queryForPage(EmployeeQueryObject)', '[{\"page\":1,\"rows\":20,\"keyword\":null,\"start\":0}]');
INSERT INTO `log` VALUES (237, 1, '2019-08-17 18:18:51', '0:0:0:0:0:0:0:1', 'com._520it.crm.service.impl.EmployeeServiceImpl@45195bab:List com._520it.crm.service.IEmployeeService.queryByEid(Long)', '[39]');
INSERT INTO `log` VALUES (238, 1, '2019-08-17 18:19:00', '0:0:0:0:0:0:0:1', 'com._520it.crm.service.impl.EmployeeServiceImpl@45195bab:int com._520it.crm.service.IEmployeeService.updateState(Long)', '[39]');
INSERT INTO `log` VALUES (239, 1, '2019-08-17 18:19:01', '0:0:0:0:0:0:0:1', 'com._520it.crm.service.impl.EmployeeServiceImpl@45195bab:PageResult com._520it.crm.service.IEmployeeService.queryForPage(EmployeeQueryObject)', '[{\"page\":1,\"rows\":20,\"keyword\":null,\"start\":0}]');
INSERT INTO `log` VALUES (240, 1, '2019-08-17 18:19:05', '0:0:0:0:0:0:0:1', 'com._520it.crm.service.impl.EmployeeServiceImpl@45195bab:PageResult com._520it.crm.service.IEmployeeService.queryForPage(EmployeeQueryObject)', '[{\"page\":1,\"rows\":20,\"keyword\":null,\"start\":0}]');
INSERT INTO `log` VALUES (241, 1, '2019-08-17 18:19:12', '0:0:0:0:0:0:0:1', 'com._520it.crm.service.impl.EmployeeServiceImpl@45195bab:PageResult com._520it.crm.service.IEmployeeService.queryForPage(EmployeeQueryObject)', '[{\"page\":1,\"rows\":20,\"keyword\":\"啊啊啊\",\"start\":0}]');
INSERT INTO `log` VALUES (242, 1, '2019-08-17 18:19:14', '0:0:0:0:0:0:0:1', 'com._520it.crm.service.impl.RoleServiceImpl@6553b62:PageResult com._520it.crm.service.IRoleService.queryForPage(QueryObject)', '[{\"page\":1,\"rows\":10,\"keyword\":null,\"start\":0}]');
INSERT INTO `log` VALUES (243, 1, '2019-08-17 18:19:14', '0:0:0:0:0:0:0:1', 'com._520it.crm.service.impl.PermissionServiceImpl@18cac125:PageResult com._520it.crm.service.IPermissionService.queryForPage(QueryObject)', '[{\"page\":1,\"rows\":10,\"rid\":null,\"start\":0}]');
INSERT INTO `log` VALUES (244, 1, '2019-08-17 18:19:18', '0:0:0:0:0:0:0:1', 'com._520it.crm.service.impl.RoleServiceImpl@6553b62:PageResult com._520it.crm.service.IRoleService.queryForPage(QueryObject)', '[{\"page\":1,\"rows\":10,\"keyword\":\"001\",\"start\":0}]');
INSERT INTO `log` VALUES (245, NULL, '2019-08-17 20:56:44', '0:0:0:0:0:0:0:1', 'com._520it.crm.service.impl.EmployeeServiceImpl@20b0d49e:Employee com._520it.crm.service.IEmployeeService.getEmployeeForLogin(String,String)', '[\"admin\",\"123\"]');
INSERT INTO `log` VALUES (246, 1, '2019-08-17 20:56:44', '0:0:0:0:0:0:0:1', 'com._520it.crm.service.impl.PermissionServiceImpl@70ed725a:List com._520it.crm.service.IPermissionService.queryResourceByEid(Long)', '[1]');
INSERT INTO `log` VALUES (247, 1, '2019-08-17 20:56:46', '0:0:0:0:0:0:0:1', 'com._520it.crm.service.impl.RoleServiceImpl@47192f0b:PageResult com._520it.crm.service.IRoleService.queryForPage(QueryObject)', '[{\"page\":1,\"rows\":10,\"keyword\":null,\"start\":0}]');
INSERT INTO `log` VALUES (248, 1, '2019-08-17 20:56:46', '0:0:0:0:0:0:0:1', 'com._520it.crm.service.impl.PermissionServiceImpl@70ed725a:PageResult com._520it.crm.service.IPermissionService.queryForPage(QueryObject)', '[{\"page\":1,\"rows\":10,\"rid\":null,\"start\":0}]');
INSERT INTO `log` VALUES (249, 1, '2019-08-17 20:56:47', '0:0:0:0:0:0:0:1', 'com._520it.crm.service.impl.DepartmentServiceImpl@34a681af:List com._520it.crm.service.IDepartmentService.queryForEmp()', '[]');
INSERT INTO `log` VALUES (250, 1, '2019-08-17 20:56:47', '0:0:0:0:0:0:0:1', 'com._520it.crm.service.impl.RoleServiceImpl@47192f0b:List com._520it.crm.service.IRoleService.selectAll()', '[]');
INSERT INTO `log` VALUES (251, 1, '2019-08-17 20:56:47', '0:0:0:0:0:0:0:1', 'com._520it.crm.service.impl.EmployeeServiceImpl@20b0d49e:PageResult com._520it.crm.service.IEmployeeService.queryForPage(EmployeeQueryObject)', '[{\"page\":1,\"rows\":10,\"keyword\":null,\"start\":0}]');
INSERT INTO `log` VALUES (252, 1, '2019-08-17 20:57:01', '0:0:0:0:0:0:0:1', 'com._520it.crm.service.impl.EmployeeServiceImpl@20b0d49e:List com._520it.crm.service.IEmployeeService.queryRoleByEid(Long)', '[2]');
INSERT INTO `log` VALUES (253, 1, '2019-08-17 20:57:09', '0:0:0:0:0:0:0:1', 'com._520it.crm.service.impl.EmployeeServiceImpl@20b0d49e:int com._520it.crm.service.IEmployeeService.updateByPrimaryKey(Employee)', '[{\"id\":2,\"username\":\"test\",\"realname\":\"啊啊啊\",\"password\":null,\"tel\":\"18257555345\",\"email\":\"527384765@qq.com\",\"dept\":{\"id\":2,\"sn\":null,\"name\":null,\"manager\":null,\"parent\":null,\"state\":null},\"inputtime\":\"2019-08-13\",\"state\":null,\"admin\":null,\"roles\":[{\"id\":7,\"name\":null,\"sn\":null,\"permissions\":[]}]}]');
INSERT INTO `log` VALUES (254, 1, '2019-08-17 20:57:11', '0:0:0:0:0:0:0:1', 'com._520it.crm.service.impl.EmployeeServiceImpl@20b0d49e:PageResult com._520it.crm.service.IEmployeeService.queryForPage(EmployeeQueryObject)', '[{\"page\":1,\"rows\":10,\"keyword\":null,\"start\":0}]');
INSERT INTO `log` VALUES (255, 1, '2019-08-17 20:57:16', '0:0:0:0:0:0:0:1', 'com._520it.crm.service.impl.PermissionServiceImpl@70ed725a:PageResult com._520it.crm.service.IPermissionService.queryForPage(QueryObject)', '[{\"page\":1,\"rows\":10,\"rid\":7,\"start\":0}]');
INSERT INTO `log` VALUES (256, 1, '2019-08-17 20:57:43', '0:0:0:0:0:0:0:1', 'com._520it.crm.service.impl.EmployeeServiceImpl@20b0d49e:Employee com._520it.crm.service.IEmployeeService.getEmployeeForLogin(String,String)', '[\"test\",\"123\"]');
INSERT INTO `log` VALUES (257, 2, '2019-08-17 20:57:43', '0:0:0:0:0:0:0:1', 'com._520it.crm.service.impl.PermissionServiceImpl@70ed725a:List com._520it.crm.service.IPermissionService.queryResourceByEid(Long)', '[2]');
INSERT INTO `log` VALUES (258, 2, '2019-08-17 20:57:43', '0:0:0:0:0:0:0:1', 'com._520it.crm.service.impl.PermissionServiceImpl@70ed725a:List com._520it.crm.service.IPermissionService.selectAll()', '[]');
INSERT INTO `log` VALUES (259, 2, '2019-08-17 20:57:47', '0:0:0:0:0:0:0:1', 'com._520it.crm.service.impl.DepartmentServiceImpl@34a681af:List com._520it.crm.service.IDepartmentService.queryForEmp()', '[]');
INSERT INTO `log` VALUES (260, 2, '2019-08-17 20:57:47', '0:0:0:0:0:0:0:1', 'com._520it.crm.service.impl.RoleServiceImpl@47192f0b:List com._520it.crm.service.IRoleService.selectAll()', '[]');
INSERT INTO `log` VALUES (261, 2, '2019-08-17 20:57:48', '0:0:0:0:0:0:0:1', 'com._520it.crm.service.impl.EmployeeServiceImpl@20b0d49e:PageResult com._520it.crm.service.IEmployeeService.queryForPage(EmployeeQueryObject)', '[{\"page\":1,\"rows\":10,\"keyword\":null,\"start\":0}]');
INSERT INTO `log` VALUES (262, 2, '2019-08-17 20:57:59', '0:0:0:0:0:0:0:1', 'com._520it.crm.service.impl.EmployeeServiceImpl@20b0d49e:int com._520it.crm.service.IEmployeeService.updateState(Long)', '[24]');
INSERT INTO `log` VALUES (263, 2, '2019-08-17 20:58:00', '0:0:0:0:0:0:0:1', 'com._520it.crm.service.impl.EmployeeServiceImpl@20b0d49e:PageResult com._520it.crm.service.IEmployeeService.queryForPage(EmployeeQueryObject)', '[{\"page\":1,\"rows\":10,\"keyword\":null,\"start\":0}]');
INSERT INTO `log` VALUES (264, 2, '2019-08-17 20:58:19', '0:0:0:0:0:0:0:1', 'com._520it.crm.service.impl.EmployeeServiceImpl@20b0d49e:PageResult com._520it.crm.service.IEmployeeService.queryForPage(EmployeeQueryObject)', '[{\"page\":1,\"rows\":10,\"keyword\":null,\"start\":0}]');
INSERT INTO `log` VALUES (265, 2, '2019-08-17 20:58:20', '0:0:0:0:0:0:0:1', 'com._520it.crm.service.impl.EmployeeServiceImpl@20b0d49e:PageResult com._520it.crm.service.IEmployeeService.queryForPage(EmployeeQueryObject)', '[{\"page\":1,\"rows\":10,\"keyword\":null,\"start\":0}]');
INSERT INTO `log` VALUES (266, 2, '2019-08-17 20:58:20', '0:0:0:0:0:0:0:1', 'com._520it.crm.service.impl.EmployeeServiceImpl@20b0d49e:PageResult com._520it.crm.service.IEmployeeService.queryForPage(EmployeeQueryObject)', '[{\"page\":1,\"rows\":10,\"keyword\":null,\"start\":0}]');
INSERT INTO `log` VALUES (267, 2, '2019-08-17 20:58:21', '0:0:0:0:0:0:0:1', 'com._520it.crm.service.impl.EmployeeServiceImpl@20b0d49e:PageResult com._520it.crm.service.IEmployeeService.queryForPage(EmployeeQueryObject)', '[{\"page\":1,\"rows\":10,\"keyword\":null,\"start\":0}]');
INSERT INTO `log` VALUES (268, 2, '2019-08-17 20:58:21', '0:0:0:0:0:0:0:1', 'com._520it.crm.service.impl.EmployeeServiceImpl@20b0d49e:PageResult com._520it.crm.service.IEmployeeService.queryForPage(EmployeeQueryObject)', '[{\"page\":1,\"rows\":10,\"keyword\":null,\"start\":0}]');
INSERT INTO `log` VALUES (269, 2, '2019-08-17 20:58:21', '0:0:0:0:0:0:0:1', 'com._520it.crm.service.impl.EmployeeServiceImpl@20b0d49e:PageResult com._520it.crm.service.IEmployeeService.queryForPage(EmployeeQueryObject)', '[{\"page\":1,\"rows\":10,\"keyword\":null,\"start\":0}]');
INSERT INTO `log` VALUES (270, 2, '2019-08-17 20:58:22', '0:0:0:0:0:0:0:1', 'com._520it.crm.service.impl.EmployeeServiceImpl@20b0d49e:PageResult com._520it.crm.service.IEmployeeService.queryForPage(EmployeeQueryObject)', '[{\"page\":1,\"rows\":10,\"keyword\":null,\"start\":0}]');
INSERT INTO `log` VALUES (271, 2, '2019-08-17 20:58:22', '0:0:0:0:0:0:0:1', 'com._520it.crm.service.impl.EmployeeServiceImpl@20b0d49e:PageResult com._520it.crm.service.IEmployeeService.queryForPage(EmployeeQueryObject)', '[{\"page\":1,\"rows\":10,\"keyword\":null,\"start\":0}]');
INSERT INTO `log` VALUES (272, 2, '2019-08-17 20:58:22', '0:0:0:0:0:0:0:1', 'com._520it.crm.service.impl.EmployeeServiceImpl@20b0d49e:PageResult com._520it.crm.service.IEmployeeService.queryForPage(EmployeeQueryObject)', '[{\"page\":1,\"rows\":10,\"keyword\":null,\"start\":0}]');
INSERT INTO `log` VALUES (273, 2, '2019-08-17 20:58:23', '0:0:0:0:0:0:0:1', 'com._520it.crm.service.impl.EmployeeServiceImpl@20b0d49e:PageResult com._520it.crm.service.IEmployeeService.queryForPage(EmployeeQueryObject)', '[{\"page\":1,\"rows\":10,\"keyword\":null,\"start\":0}]');
INSERT INTO `log` VALUES (274, 2, '2019-08-17 20:59:11', '0:0:0:0:0:0:0:1', 'com._520it.crm.service.impl.DepartmentServiceImpl@34a681af:List com._520it.crm.service.IDepartmentService.queryForEmp()', '[]');
INSERT INTO `log` VALUES (275, 2, '2019-08-17 20:59:11', '0:0:0:0:0:0:0:1', 'com._520it.crm.service.impl.EmployeeServiceImpl@20b0d49e:PageResult com._520it.crm.service.IEmployeeService.queryForPage(EmployeeQueryObject)', '[{\"page\":1,\"rows\":10,\"keyword\":null,\"start\":0}]');
INSERT INTO `log` VALUES (276, 2, '2019-08-17 20:59:11', '0:0:0:0:0:0:0:1', 'com._520it.crm.service.impl.RoleServiceImpl@47192f0b:List com._520it.crm.service.IRoleService.selectAll()', '[]');
INSERT INTO `log` VALUES (277, NULL, '2019-08-17 21:10:51', '0:0:0:0:0:0:0:1', 'com._520it.crm.service.impl.EmployeeServiceImpl@11c292d5:Employee com._520it.crm.service.IEmployeeService.getEmployeeForLogin(String,String)', '[\"test\",\"123\"]');
INSERT INTO `log` VALUES (278, 2, '2019-08-17 21:10:51', '0:0:0:0:0:0:0:1', 'com._520it.crm.service.impl.PermissionServiceImpl@19e222bf:List com._520it.crm.service.IPermissionService.queryResourceByEid(Long)', '[2]');
INSERT INTO `log` VALUES (279, 2, '2019-08-17 21:10:55', '0:0:0:0:0:0:0:1', 'com._520it.crm.service.impl.PermissionServiceImpl@19e222bf:List com._520it.crm.service.IPermissionService.selectAll()', '[]');
INSERT INTO `log` VALUES (280, 2, '2019-08-17 21:11:01', '0:0:0:0:0:0:0:1', 'com._520it.crm.service.impl.DepartmentServiceImpl@5a858201:List com._520it.crm.service.IDepartmentService.queryForEmp()', '[]');
INSERT INTO `log` VALUES (281, 2, '2019-08-17 21:11:01', '0:0:0:0:0:0:0:1', 'com._520it.crm.service.impl.RoleServiceImpl@6e33ee4:List com._520it.crm.service.IRoleService.selectAll()', '[]');
INSERT INTO `log` VALUES (282, 2, '2019-08-17 21:11:01', '0:0:0:0:0:0:0:1', 'com._520it.crm.service.impl.EmployeeServiceImpl@11c292d5:PageResult com._520it.crm.service.IEmployeeService.queryForPage(EmployeeQueryObject)', '[{\"page\":1,\"rows\":10,\"keyword\":null,\"start\":0}]');
INSERT INTO `log` VALUES (283, 2, '2019-08-17 21:11:43', '0:0:0:0:0:0:0:1', 'com._520it.crm.service.impl.EmployeeServiceImpl@11c292d5:int com._520it.crm.service.IEmployeeService.updateState(Long)', '[25]');
INSERT INTO `log` VALUES (284, 2, '2019-08-17 21:12:06', '0:0:0:0:0:0:0:1', 'com._520it.crm.service.impl.EmployeeServiceImpl@11c292d5:PageResult com._520it.crm.service.IEmployeeService.queryForPage(EmployeeQueryObject)', '[{\"page\":1,\"rows\":10,\"keyword\":null,\"start\":0}]');
INSERT INTO `log` VALUES (285, 2, '2019-08-17 21:14:06', '0:0:0:0:0:0:0:1', 'com._520it.crm.service.impl.EmployeeServiceImpl@11c292d5:Employee com._520it.crm.service.IEmployeeService.getEmployeeForLogin(String,String)', '[\"test\",\"123\"]');
INSERT INTO `log` VALUES (286, 2, '2019-08-17 21:14:17', '0:0:0:0:0:0:0:1', 'com._520it.crm.service.impl.PermissionServiceImpl@19e222bf:List com._520it.crm.service.IPermissionService.queryResourceByEid(Long)', '[2]');
INSERT INTO `log` VALUES (287, NULL, '2019-08-17 21:16:31', '0:0:0:0:0:0:0:1', 'com._520it.crm.service.impl.EmployeeServiceImpl@1e6de42b:Employee com._520it.crm.service.IEmployeeService.getEmployeeForLogin(String,String)', '[\"test\",\"123\"]');
INSERT INTO `log` VALUES (288, 2, '2019-08-17 21:16:33', '0:0:0:0:0:0:0:1', 'com._520it.crm.service.impl.PermissionServiceImpl@368eb65:List com._520it.crm.service.IPermissionService.queryResourceByEid(Long)', '[2]');
INSERT INTO `log` VALUES (289, 2, '2019-08-17 21:16:40', '0:0:0:0:0:0:0:1', 'com._520it.crm.service.impl.PermissionServiceImpl@368eb65:List com._520it.crm.service.IPermissionService.selectAll()', '[]');
INSERT INTO `log` VALUES (290, 2, '2019-08-17 21:16:42', '0:0:0:0:0:0:0:1', 'com._520it.crm.service.impl.DepartmentServiceImpl@18371b5:List com._520it.crm.service.IDepartmentService.queryForEmp()', '[]');
INSERT INTO `log` VALUES (291, 2, '2019-08-17 21:16:42', '0:0:0:0:0:0:0:1', 'com._520it.crm.service.impl.RoleServiceImpl@f5ff7c0:List com._520it.crm.service.IRoleService.selectAll()', '[]');
INSERT INTO `log` VALUES (292, 2, '2019-08-17 21:16:42', '0:0:0:0:0:0:0:1', 'com._520it.crm.service.impl.EmployeeServiceImpl@1e6de42b:PageResult com._520it.crm.service.IEmployeeService.queryForPage(EmployeeQueryObject)', '[{\"page\":1,\"rows\":10,\"keyword\":null,\"start\":0}]');
INSERT INTO `log` VALUES (293, 2, '2019-08-17 21:16:48', '0:0:0:0:0:0:0:1', 'com._520it.crm.service.impl.EmployeeServiceImpl@1e6de42b:int com._520it.crm.service.IEmployeeService.updateState(Long)', '[26]');
INSERT INTO `log` VALUES (294, 2, '2019-08-17 21:16:49', '0:0:0:0:0:0:0:1', 'com._520it.crm.service.impl.EmployeeServiceImpl@1e6de42b:PageResult com._520it.crm.service.IEmployeeService.queryForPage(EmployeeQueryObject)', '[{\"page\":1,\"rows\":10,\"keyword\":null,\"start\":0}]');
INSERT INTO `log` VALUES (295, 2, '2019-08-17 21:18:14', '0:0:0:0:0:0:0:1', 'com._520it.crm.service.impl.DepartmentServiceImpl@18371b5:List com._520it.crm.service.IDepartmentService.queryForEmp()', '[]');
INSERT INTO `log` VALUES (296, 2, '2019-08-17 21:18:14', '0:0:0:0:0:0:0:1', 'com._520it.crm.service.impl.RoleServiceImpl@f5ff7c0:List com._520it.crm.service.IRoleService.selectAll()', '[]');
INSERT INTO `log` VALUES (297, 2, '2019-08-17 21:18:14', '0:0:0:0:0:0:0:1', 'com._520it.crm.service.impl.EmployeeServiceImpl@1e6de42b:PageResult com._520it.crm.service.IEmployeeService.queryForPage(EmployeeQueryObject)', '[{\"page\":1,\"rows\":10,\"keyword\":null,\"start\":0}]');
INSERT INTO `log` VALUES (298, NULL, '2019-08-17 21:20:08', '0:0:0:0:0:0:0:1', 'com._520it.crm.service.impl.EmployeeServiceImpl@1b32ae97:Employee com._520it.crm.service.IEmployeeService.getEmployeeForLogin(String,String)', '[\"test\",\"123\"]');
INSERT INTO `log` VALUES (299, 2, '2019-08-17 21:20:08', '0:0:0:0:0:0:0:1', 'com._520it.crm.service.impl.PermissionServiceImpl@51ccc479:List com._520it.crm.service.IPermissionService.queryResourceByEid(Long)', '[2]');
INSERT INTO `log` VALUES (300, 2, '2019-08-17 21:20:08', '0:0:0:0:0:0:0:1', 'com._520it.crm.service.impl.EmployeeServiceImpl@1b32ae97:Employee com._520it.crm.service.IEmployeeService.getEmployeeForLogin(String,String)', '[\"test\",\"123\"]');
INSERT INTO `log` VALUES (301, 2, '2019-08-17 21:20:10', '0:0:0:0:0:0:0:1', 'com._520it.crm.service.impl.PermissionServiceImpl@51ccc479:List com._520it.crm.service.IPermissionService.selectAll()', '[]');
INSERT INTO `log` VALUES (302, 2, '2019-08-17 21:20:10', '0:0:0:0:0:0:0:1', 'com._520it.crm.service.impl.PermissionServiceImpl@51ccc479:List com._520it.crm.service.IPermissionService.queryResourceByEid(Long)', '[2]');
INSERT INTO `log` VALUES (303, 2, '2019-08-17 21:20:21', '0:0:0:0:0:0:0:1', 'com._520it.crm.service.impl.DepartmentServiceImpl@54f652fe:List com._520it.crm.service.IDepartmentService.queryForEmp()', '[]');
INSERT INTO `log` VALUES (304, 2, '2019-08-17 21:20:21', '0:0:0:0:0:0:0:1', 'com._520it.crm.service.impl.RoleServiceImpl@534bbc84:List com._520it.crm.service.IRoleService.selectAll()', '[]');
INSERT INTO `log` VALUES (305, 2, '2019-08-17 21:20:21', '0:0:0:0:0:0:0:1', 'com._520it.crm.service.impl.EmployeeServiceImpl@1b32ae97:PageResult com._520it.crm.service.IEmployeeService.queryForPage(EmployeeQueryObject)', '[{\"page\":1,\"rows\":10,\"keyword\":null,\"start\":0}]');
INSERT INTO `log` VALUES (306, NULL, '2019-08-17 21:22:09', '0:0:0:0:0:0:0:1', 'com._520it.crm.service.impl.EmployeeServiceImpl@14b8a718:Employee com._520it.crm.service.IEmployeeService.getEmployeeForLogin(String,String)', '[\"test\",\"123\"]');
INSERT INTO `log` VALUES (307, NULL, '2019-08-17 21:22:09', '0:0:0:0:0:0:0:1', 'com._520it.crm.service.impl.EmployeeServiceImpl@14b8a718:Employee com._520it.crm.service.IEmployeeService.getEmployeeForLogin(String,String)', '[\"test\",\"123\"]');
INSERT INTO `log` VALUES (308, 2, '2019-08-17 21:22:23', '0:0:0:0:0:0:0:1', 'com._520it.crm.service.impl.PermissionServiceImpl@63712471:List com._520it.crm.service.IPermissionService.queryResourceByEid(Long)', '[2]');
INSERT INTO `log` VALUES (309, 2, '2019-08-17 21:22:23', '0:0:0:0:0:0:0:1', 'com._520it.crm.service.impl.PermissionServiceImpl@63712471:List com._520it.crm.service.IPermissionService.queryResourceByEid(Long)', '[2]');
INSERT INTO `log` VALUES (310, 2, '2019-08-17 21:24:09', '0:0:0:0:0:0:0:1', 'com._520it.crm.service.impl.PermissionServiceImpl@63712471:List com._520it.crm.service.IPermissionService.selectAll()', '[]');
INSERT INTO `log` VALUES (311, 2, '2019-08-17 21:24:12', '0:0:0:0:0:0:0:1', 'com._520it.crm.service.impl.DepartmentServiceImpl@45840b31:List com._520it.crm.service.IDepartmentService.queryForEmp()', '[]');
INSERT INTO `log` VALUES (312, 2, '2019-08-17 21:24:12', '0:0:0:0:0:0:0:1', 'com._520it.crm.service.impl.RoleServiceImpl@15333bdc:List com._520it.crm.service.IRoleService.selectAll()', '[]');
INSERT INTO `log` VALUES (313, 2, '2019-08-17 21:24:12', '0:0:0:0:0:0:0:1', 'com._520it.crm.service.impl.EmployeeServiceImpl@14b8a718:PageResult com._520it.crm.service.IEmployeeService.queryForPage(EmployeeQueryObject)', '[{\"page\":1,\"rows\":10,\"keyword\":null,\"start\":0}]');
INSERT INTO `log` VALUES (314, 2, '2019-08-17 21:24:17', '0:0:0:0:0:0:0:1', 'com._520it.crm.service.impl.EmployeeServiceImpl@14b8a718:int com._520it.crm.service.IEmployeeService.updateState(Long)', '[2]');
INSERT INTO `log` VALUES (315, 2, '2019-08-17 21:24:18', '0:0:0:0:0:0:0:1', 'com._520it.crm.service.impl.EmployeeServiceImpl@14b8a718:PageResult com._520it.crm.service.IEmployeeService.queryForPage(EmployeeQueryObject)', '[{\"page\":1,\"rows\":10,\"keyword\":null,\"start\":0}]');
INSERT INTO `log` VALUES (316, 2, '2019-08-17 21:26:53', '0:0:0:0:0:0:0:1', 'com._520it.crm.service.impl.EmployeeServiceImpl@14b8a718:int com._520it.crm.service.IEmployeeService.updateState(Long)', '[17]');
INSERT INTO `log` VALUES (317, 2, '2019-08-17 21:27:25', '0:0:0:0:0:0:0:1', 'com._520it.crm.service.impl.EmployeeServiceImpl@14b8a718:PageResult com._520it.crm.service.IEmployeeService.queryForPage(EmployeeQueryObject)', '[{\"page\":1,\"rows\":10,\"keyword\":null,\"start\":0}]');
INSERT INTO `log` VALUES (318, 2, '2019-08-17 21:28:00', '0:0:0:0:0:0:0:1', 'com._520it.crm.service.impl.EmployeeServiceImpl@14b8a718:int com._520it.crm.service.IEmployeeService.updateState(Long)', '[24]');
INSERT INTO `log` VALUES (319, NULL, '2019-08-17 21:30:31', '0:0:0:0:0:0:0:1', 'com._520it.crm.service.impl.EmployeeServiceImpl@7598c2ce:Employee com._520it.crm.service.IEmployeeService.getEmployeeForLogin(String,String)', '[\"test\",\"123\"]');
INSERT INTO `log` VALUES (320, 2, '2019-08-17 21:30:34', '0:0:0:0:0:0:0:1', 'com._520it.crm.service.impl.PermissionServiceImpl@12627a07:List com._520it.crm.service.IPermissionService.queryResourceByEid(Long)', '[2]');
INSERT INTO `log` VALUES (321, 2, '2019-08-17 21:30:39', '0:0:0:0:0:0:0:1', 'com._520it.crm.service.impl.PermissionServiceImpl@12627a07:List com._520it.crm.service.IPermissionService.selectAll()', '[]');
INSERT INTO `log` VALUES (322, 2, '2019-08-17 21:30:40', '0:0:0:0:0:0:0:1', 'com._520it.crm.service.impl.DepartmentServiceImpl@17de2a99:List com._520it.crm.service.IDepartmentService.queryForEmp()', '[]');
INSERT INTO `log` VALUES (323, 2, '2019-08-17 21:30:40', '0:0:0:0:0:0:0:1', 'com._520it.crm.service.impl.RoleServiceImpl@5a45ffca:List com._520it.crm.service.IRoleService.selectAll()', '[]');
INSERT INTO `log` VALUES (324, 2, '2019-08-17 21:30:41', '0:0:0:0:0:0:0:1', 'com._520it.crm.service.impl.EmployeeServiceImpl@7598c2ce:PageResult com._520it.crm.service.IEmployeeService.queryForPage(EmployeeQueryObject)', '[{\"page\":1,\"rows\":10,\"keyword\":null,\"start\":0}]');
INSERT INTO `log` VALUES (325, 2, '2019-08-17 21:30:50', '0:0:0:0:0:0:0:1', 'com._520it.crm.service.impl.EmployeeServiceImpl@7598c2ce:PageResult com._520it.crm.service.IEmployeeService.queryForPage(EmployeeQueryObject)', '[{\"page\":1,\"rows\":10,\"keyword\":null,\"start\":0}]');
INSERT INTO `log` VALUES (326, 2, '2019-08-17 21:30:52', '0:0:0:0:0:0:0:1', 'com._520it.crm.service.impl.EmployeeServiceImpl@7598c2ce:PageResult com._520it.crm.service.IEmployeeService.queryForPage(EmployeeQueryObject)', '[{\"page\":1,\"rows\":10,\"keyword\":null,\"start\":0}]');
INSERT INTO `log` VALUES (327, NULL, '2019-08-19 10:47:59', '0:0:0:0:0:0:0:1', 'com._520it.crm.service.impl.EmployeeServiceImpl@4001e4d0:Employee com._520it.crm.service.IEmployeeService.getEmployeeForLogin(String,String)', '[\"test\",\"123\"]');
INSERT INTO `log` VALUES (328, 2, '2019-08-19 10:47:59', '0:0:0:0:0:0:0:1', 'com._520it.crm.service.impl.PermissionServiceImpl@7b7c2204:List com._520it.crm.service.IPermissionService.queryResourceByEid(Long)', '[2]');
INSERT INTO `log` VALUES (329, 2, '2019-08-19 10:47:59', '0:0:0:0:0:0:0:1', 'com._520it.crm.service.impl.PermissionServiceImpl@7b7c2204:List com._520it.crm.service.IPermissionService.selectAll()', '[]');
INSERT INTO `log` VALUES (330, 2, '2019-08-19 10:48:01', '0:0:0:0:0:0:0:1', 'com._520it.crm.service.impl.DepartmentServiceImpl@6e3ba184:List com._520it.crm.service.IDepartmentService.queryForEmp()', '[]');
INSERT INTO `log` VALUES (331, 2, '2019-08-19 10:48:01', '0:0:0:0:0:0:0:1', 'com._520it.crm.service.impl.RoleServiceImpl@44607648:List com._520it.crm.service.IRoleService.selectAll()', '[]');
INSERT INTO `log` VALUES (332, 2, '2019-08-19 10:48:01', '0:0:0:0:0:0:0:1', 'com._520it.crm.service.impl.EmployeeServiceImpl@4001e4d0:PageResult com._520it.crm.service.IEmployeeService.queryForPage(EmployeeQueryObject)', '[{\"page\":1,\"rows\":10,\"keyword\":null,\"start\":0}]');
INSERT INTO `log` VALUES (333, 2, '2019-08-19 10:48:06', '0:0:0:0:0:0:0:1', 'com._520it.crm.service.impl.RoleServiceImpl@44607648:PageResult com._520it.crm.service.IRoleService.queryForPage(QueryObject)', '[{\"page\":1,\"rows\":10,\"keyword\":null,\"start\":0}]');
INSERT INTO `log` VALUES (334, 2, '2019-08-19 10:48:06', '0:0:0:0:0:0:0:1', 'com._520it.crm.service.impl.PermissionServiceImpl@7b7c2204:PageResult com._520it.crm.service.IPermissionService.queryForPage(QueryObject)', '[{\"page\":1,\"rows\":10,\"rid\":null,\"start\":0}]');
INSERT INTO `log` VALUES (335, 2, '2019-08-19 10:48:48', '0:0:0:0:0:0:0:1', 'com._520it.crm.service.impl.EmployeeServiceImpl@4001e4d0:PageResult com._520it.crm.service.IEmployeeService.queryForPage(EmployeeQueryObject)', '[{\"page\":1,\"rows\":10,\"keyword\":null,\"start\":0}]');
INSERT INTO `log` VALUES (336, 2, '2019-08-19 10:49:11', '0:0:0:0:0:0:0:1', 'com._520it.crm.service.impl.DepartmentServiceImpl@6e3ba184:List com._520it.crm.service.IDepartmentService.queryForEmp()', '[]');
INSERT INTO `log` VALUES (337, 2, '2019-08-19 10:49:11', '0:0:0:0:0:0:0:1', 'com._520it.crm.service.impl.RoleServiceImpl@44607648:List com._520it.crm.service.IRoleService.selectAll()', '[]');
INSERT INTO `log` VALUES (338, 2, '2019-08-19 10:49:11', '0:0:0:0:0:0:0:1', 'com._520it.crm.service.impl.EmployeeServiceImpl@4001e4d0:PageResult com._520it.crm.service.IEmployeeService.queryForPage(EmployeeQueryObject)', '[{\"page\":1,\"rows\":10,\"keyword\":null,\"start\":0}]');
INSERT INTO `log` VALUES (339, 2, '2019-08-19 10:49:26', '0:0:0:0:0:0:0:1', 'com._520it.crm.service.impl.EmployeeServiceImpl@4001e4d0:List com._520it.crm.service.IEmployeeService.queryRoleByEid(Long)', '[2]');
INSERT INTO `log` VALUES (340, 2, '2019-08-19 10:49:34', '0:0:0:0:0:0:0:1', 'com._520it.crm.service.impl.RoleServiceImpl@44607648:PageResult com._520it.crm.service.IRoleService.queryForPage(QueryObject)', '[{\"page\":1,\"rows\":10,\"keyword\":null,\"start\":0}]');
INSERT INTO `log` VALUES (341, 2, '2019-08-19 10:49:34', '0:0:0:0:0:0:0:1', 'com._520it.crm.service.impl.PermissionServiceImpl@7b7c2204:PageResult com._520it.crm.service.IPermissionService.queryForPage(QueryObject)', '[{\"page\":1,\"rows\":10,\"rid\":null,\"start\":0}]');
INSERT INTO `log` VALUES (342, 2, '2019-08-19 10:49:38', '0:0:0:0:0:0:0:1', 'com._520it.crm.service.impl.PermissionServiceImpl@7b7c2204:PageResult com._520it.crm.service.IPermissionService.queryForPage(QueryObject)', '[{\"page\":1,\"rows\":10,\"rid\":7,\"start\":0}]');
INSERT INTO `log` VALUES (343, NULL, '2019-08-19 10:52:35', '0:0:0:0:0:0:0:1', 'com._520it.crm.service.impl.EmployeeServiceImpl@4bdbb17b:Employee com._520it.crm.service.IEmployeeService.getEmployeeForLogin(String,String)', '[\"admin\",\"123\"]');
INSERT INTO `log` VALUES (344, 1, '2019-08-19 10:52:35', '0:0:0:0:0:0:0:1', 'com._520it.crm.service.impl.PermissionServiceImpl@16be03e6:List com._520it.crm.service.IPermissionService.queryResourceByEid(Long)', '[1]');
INSERT INTO `log` VALUES (345, 1, '2019-08-19 10:52:37', '0:0:0:0:0:0:0:1', 'com._520it.crm.service.impl.DepartmentServiceImpl@79128475:List com._520it.crm.service.IDepartmentService.queryForEmp()', '[]');
INSERT INTO `log` VALUES (346, 1, '2019-08-19 10:52:37', '0:0:0:0:0:0:0:1', 'com._520it.crm.service.impl.RoleServiceImpl@7bbc10bf:List com._520it.crm.service.IRoleService.selectAll()', '[]');
INSERT INTO `log` VALUES (347, 1, '2019-08-19 10:52:37', '0:0:0:0:0:0:0:1', 'com._520it.crm.service.impl.EmployeeServiceImpl@4bdbb17b:PageResult com._520it.crm.service.IEmployeeService.queryForPage(EmployeeQueryObject)', '[{\"page\":1,\"rows\":10,\"keyword\":null,\"start\":0}]');
INSERT INTO `log` VALUES (348, 1, '2019-08-19 10:52:38', '0:0:0:0:0:0:0:1', 'com._520it.crm.service.impl.RoleServiceImpl@7bbc10bf:PageResult com._520it.crm.service.IRoleService.queryForPage(QueryObject)', '[{\"page\":1,\"rows\":10,\"keyword\":null,\"start\":0}]');
INSERT INTO `log` VALUES (349, 1, '2019-08-19 10:52:38', '0:0:0:0:0:0:0:1', 'com._520it.crm.service.impl.PermissionServiceImpl@16be03e6:PageResult com._520it.crm.service.IPermissionService.queryForPage(QueryObject)', '[{\"page\":1,\"rows\":10,\"rid\":null,\"start\":0}]');
INSERT INTO `log` VALUES (350, 1, '2019-08-19 10:52:53', '0:0:0:0:0:0:0:1', 'com._520it.crm.service.impl.RoleServiceImpl@7bbc10bf:int com._520it.crm.service.IRoleService.insert(Role)', '[{\"id\":8,\"name\":\"\",\"sn\":\"\",\"permissions\":[{\"id\":1,\"name\":null,\"resource\":null},{\"id\":2,\"name\":null,\"resource\":null},{\"id\":3,\"name\":null,\"resource\":null},{\"id\":4,\"name\":null,\"resource\":null}]}]');
INSERT INTO `log` VALUES (351, 1, '2019-08-19 10:52:54', '0:0:0:0:0:0:0:1', 'com._520it.crm.service.impl.RoleServiceImpl@7bbc10bf:PageResult com._520it.crm.service.IRoleService.queryForPage(QueryObject)', '[{\"page\":1,\"rows\":10,\"keyword\":null,\"start\":0}]');
INSERT INTO `log` VALUES (352, 1, '2019-08-19 10:52:56', '0:0:0:0:0:0:0:1', 'com._520it.crm.service.impl.PermissionServiceImpl@16be03e6:PageResult com._520it.crm.service.IPermissionService.queryForPage(QueryObject)', '[{\"page\":1,\"rows\":10,\"rid\":7,\"start\":0}]');
INSERT INTO `log` VALUES (353, 1, '2019-08-19 10:53:03', '0:0:0:0:0:0:0:1', 'com._520it.crm.service.impl.PermissionServiceImpl@16be03e6:PageResult com._520it.crm.service.IPermissionService.queryForPage(QueryObject)', '[{\"page\":1,\"rows\":10,\"rid\":6,\"start\":0}]');
INSERT INTO `log` VALUES (354, 1, '2019-08-19 10:53:06', '0:0:0:0:0:0:0:1', 'com._520it.crm.service.impl.RoleServiceImpl@7bbc10bf:int com._520it.crm.service.IRoleService.updateByPrimaryKey(Role)', '[{\"id\":6,\"name\":\"超级管理员\",\"sn\":\"001\",\"permissions\":[{\"id\":1,\"name\":null,\"resource\":null},{\"id\":2,\"name\":null,\"resource\":null},{\"id\":3,\"name\":null,\"resource\":null},{\"id\":4,\"name\":null,\"resource\":null}]}]');
INSERT INTO `log` VALUES (355, 1, '2019-08-19 10:53:08', '0:0:0:0:0:0:0:1', 'com._520it.crm.service.impl.RoleServiceImpl@7bbc10bf:PageResult com._520it.crm.service.IRoleService.queryForPage(QueryObject)', '[{\"page\":1,\"rows\":10,\"keyword\":null,\"start\":0}]');
INSERT INTO `log` VALUES (356, 1, '2019-08-19 10:53:11', '0:0:0:0:0:0:0:1', 'com._520it.crm.service.impl.PermissionServiceImpl@16be03e6:PageResult com._520it.crm.service.IPermissionService.queryForPage(QueryObject)', '[{\"page\":1,\"rows\":10,\"rid\":6,\"start\":0}]');
INSERT INTO `log` VALUES (357, 1, '2019-08-19 10:53:26', '0:0:0:0:0:0:0:1', 'com._520it.crm.service.impl.PermissionServiceImpl@16be03e6:PageResult com._520it.crm.service.IPermissionService.queryForPage(QueryObject)', '[{\"page\":1,\"rows\":10,\"rid\":6,\"start\":0}]');
INSERT INTO `log` VALUES (358, 1, '2019-08-19 10:53:36', '0:0:0:0:0:0:0:1', 'com._520it.crm.service.impl.EmployeeServiceImpl@4bdbb17b:Employee com._520it.crm.service.IEmployeeService.getEmployeeForLogin(String,String)', '[\"test\",\"123\"]');
INSERT INTO `log` VALUES (359, 2, '2019-08-19 10:53:36', '0:0:0:0:0:0:0:1', 'com._520it.crm.service.impl.PermissionServiceImpl@16be03e6:List com._520it.crm.service.IPermissionService.queryResourceByEid(Long)', '[2]');
INSERT INTO `log` VALUES (360, 2, '2019-08-19 10:53:36', '0:0:0:0:0:0:0:1', 'com._520it.crm.service.impl.PermissionServiceImpl@16be03e6:List com._520it.crm.service.IPermissionService.selectAll()', '[]');
INSERT INTO `log` VALUES (361, 2, '2019-08-19 10:53:38', '0:0:0:0:0:0:0:1', 'com._520it.crm.service.impl.RoleServiceImpl@7bbc10bf:PageResult com._520it.crm.service.IRoleService.queryForPage(QueryObject)', '[{\"page\":1,\"rows\":10,\"keyword\":null,\"start\":0}]');
INSERT INTO `log` VALUES (362, 2, '2019-08-19 10:53:38', '0:0:0:0:0:0:0:1', 'com._520it.crm.service.impl.PermissionServiceImpl@16be03e6:PageResult com._520it.crm.service.IPermissionService.queryForPage(QueryObject)', '[{\"page\":1,\"rows\":10,\"rid\":null,\"start\":0}]');
INSERT INTO `log` VALUES (363, 2, '2019-08-19 10:53:50', '0:0:0:0:0:0:0:1', 'com._520it.crm.service.impl.DepartmentServiceImpl@79128475:List com._520it.crm.service.IDepartmentService.queryForEmp()', '[]');
INSERT INTO `log` VALUES (364, 2, '2019-08-19 10:53:50', '0:0:0:0:0:0:0:1', 'com._520it.crm.service.impl.RoleServiceImpl@7bbc10bf:List com._520it.crm.service.IRoleService.selectAll()', '[]');
INSERT INTO `log` VALUES (365, 2, '2019-08-19 10:53:50', '0:0:0:0:0:0:0:1', 'com._520it.crm.service.impl.EmployeeServiceImpl@4bdbb17b:PageResult com._520it.crm.service.IEmployeeService.queryForPage(EmployeeQueryObject)', '[{\"page\":1,\"rows\":10,\"keyword\":null,\"start\":0}]');
INSERT INTO `log` VALUES (366, 2, '2019-08-19 10:54:14', '0:0:0:0:0:0:0:1', 'com._520it.crm.service.impl.RoleServiceImpl@7bbc10bf:PageResult com._520it.crm.service.IRoleService.queryForPage(QueryObject)', '[{\"page\":1,\"rows\":10,\"keyword\":null,\"start\":0}]');
INSERT INTO `log` VALUES (367, 2, '2019-08-19 10:54:14', '0:0:0:0:0:0:0:1', 'com._520it.crm.service.impl.PermissionServiceImpl@16be03e6:PageResult com._520it.crm.service.IPermissionService.queryForPage(QueryObject)', '[{\"page\":1,\"rows\":10,\"rid\":null,\"start\":0}]');
INSERT INTO `log` VALUES (368, NULL, '2019-08-19 10:55:10', '0:0:0:0:0:0:0:1', 'com._520it.crm.service.impl.EmployeeServiceImpl@4bdbb17b:Employee com._520it.crm.service.IEmployeeService.getEmployeeForLogin(String,String)', '[\"test\",\"123\"]');
INSERT INTO `log` VALUES (369, 2, '2019-08-19 10:55:10', '0:0:0:0:0:0:0:1', 'com._520it.crm.service.impl.PermissionServiceImpl@16be03e6:List com._520it.crm.service.IPermissionService.queryResourceByEid(Long)', '[2]');
INSERT INTO `log` VALUES (370, 2, '2019-08-19 10:56:38', '0:0:0:0:0:0:0:1', 'com._520it.crm.service.impl.RoleServiceImpl@7bbc10bf:PageResult com._520it.crm.service.IRoleService.queryForPage(QueryObject)', '[{\"page\":1,\"rows\":10,\"keyword\":null,\"start\":0}]');
INSERT INTO `log` VALUES (371, 2, '2019-08-19 10:56:38', '0:0:0:0:0:0:0:1', 'com._520it.crm.service.impl.PermissionServiceImpl@16be03e6:PageResult com._520it.crm.service.IPermissionService.queryForPage(QueryObject)', '[{\"page\":1,\"rows\":10,\"rid\":null,\"start\":0}]');
INSERT INTO `log` VALUES (372, NULL, '2019-08-19 14:16:08', '0:0:0:0:0:0:0:1', 'com._520it.crm.service.impl.EmployeeServiceImpl@1c3c3600:Employee com._520it.crm.service.IEmployeeService.getEmployeeForLogin(String,String)', '[\"admin\",\"123\"]');
INSERT INTO `log` VALUES (373, 1, '2019-08-19 14:16:08', '0:0:0:0:0:0:0:1', 'com._520it.crm.service.impl.PermissionServiceImpl@f13b616:List com._520it.crm.service.IPermissionService.queryResourceByEid(Long)', '[1]');
INSERT INTO `log` VALUES (374, NULL, '2019-08-19 14:16:53', '0:0:0:0:0:0:0:1', 'com._520it.crm.service.impl.EmployeeServiceImpl@7e161057:Employee com._520it.crm.service.IEmployeeService.getEmployeeForLogin(String,String)', '[\"admin\",\"123\"]');
INSERT INTO `log` VALUES (375, 1, '2019-08-19 14:16:53', '0:0:0:0:0:0:0:1', 'com._520it.crm.service.impl.PermissionServiceImpl@52e485aa:List com._520it.crm.service.IPermissionService.queryResourceByEid(Long)', '[1]');
INSERT INTO `log` VALUES (376, NULL, '2019-08-19 14:17:04', '0:0:0:0:0:0:0:1', 'com._520it.crm.service.impl.EmployeeServiceImpl@7e161057:Employee com._520it.crm.service.IEmployeeService.getEmployeeForLogin(String,String)', '[\"admin\",\"123\"]');
INSERT INTO `log` VALUES (377, 1, '2019-08-19 14:17:04', '0:0:0:0:0:0:0:1', 'com._520it.crm.service.impl.PermissionServiceImpl@52e485aa:List com._520it.crm.service.IPermissionService.queryResourceByEid(Long)', '[1]');
INSERT INTO `log` VALUES (378, 1, '2019-08-19 14:17:05', '0:0:0:0:0:0:0:1', 'com._520it.crm.service.impl.MenuServiceImpl@10564ff2:List com._520it.crm.service.IMenuService.queryForMenu()', '[]');
INSERT INTO `log` VALUES (379, 1, '2019-08-19 14:20:44', '0:0:0:0:0:0:0:1', 'com._520it.crm.service.impl.MenuServiceImpl@10564ff2:List com._520it.crm.service.IMenuService.queryForMenu()', '[]');
INSERT INTO `log` VALUES (380, 1, '2019-08-19 14:23:21', '0:0:0:0:0:0:0:1', 'com._520it.crm.service.impl.MenuServiceImpl@10564ff2:List com._520it.crm.service.IMenuService.queryForMenu()', '[]');
INSERT INTO `log` VALUES (381, 1, '2019-08-19 14:24:17', '0:0:0:0:0:0:0:1', 'com._520it.crm.service.impl.MenuServiceImpl@10564ff2:List com._520it.crm.service.IMenuService.queryForMenu()', '[]');
INSERT INTO `log` VALUES (382, 1, '2019-08-19 14:24:22', '0:0:0:0:0:0:0:1', 'com._520it.crm.service.impl.MenuServiceImpl@10564ff2:List com._520it.crm.service.IMenuService.queryForMenu()', '[]');
INSERT INTO `log` VALUES (383, NULL, '2019-08-19 14:25:07', '0:0:0:0:0:0:0:1', 'com._520it.crm.service.impl.EmployeeServiceImpl@7e161057:Employee com._520it.crm.service.IEmployeeService.getEmployeeForLogin(String,String)', '[\"admin\",\"123\"]');
INSERT INTO `log` VALUES (384, 1, '2019-08-19 14:25:07', '0:0:0:0:0:0:0:1', 'com._520it.crm.service.impl.PermissionServiceImpl@52e485aa:List com._520it.crm.service.IPermissionService.queryResourceByEid(Long)', '[1]');
INSERT INTO `log` VALUES (385, 1, '2019-08-19 14:25:07', '0:0:0:0:0:0:0:1', 'com._520it.crm.service.impl.MenuServiceImpl@10564ff2:List com._520it.crm.service.IMenuService.queryForMenu()', '[]');
INSERT INTO `log` VALUES (386, 1, '2019-08-19 14:35:05', '0:0:0:0:0:0:0:1', 'com._520it.crm.service.impl.MenuServiceImpl@10564ff2:List com._520it.crm.service.IMenuService.queryForMenu()', '[]');
INSERT INTO `log` VALUES (387, 1, '2019-08-19 14:35:07', '0:0:0:0:0:0:0:1', 'com._520it.crm.service.impl.DepartmentServiceImpl@4cde6cb8:List com._520it.crm.service.IDepartmentService.queryForEmp()', '[]');
INSERT INTO `log` VALUES (388, 1, '2019-08-19 14:35:07', '0:0:0:0:0:0:0:1', 'com._520it.crm.service.impl.RoleServiceImpl@22ec63e2:List com._520it.crm.service.IRoleService.selectAll()', '[]');
INSERT INTO `log` VALUES (389, 1, '2019-08-19 14:35:07', '0:0:0:0:0:0:0:1', 'com._520it.crm.service.impl.EmployeeServiceImpl@7e161057:PageResult com._520it.crm.service.IEmployeeService.queryForPage(EmployeeQueryObject)', '[{\"page\":1,\"rows\":10,\"keyword\":null,\"start\":0}]');
INSERT INTO `log` VALUES (390, 1, '2019-08-19 14:35:14', '0:0:0:0:0:0:0:1', 'com._520it.crm.service.impl.RoleServiceImpl@22ec63e2:PageResult com._520it.crm.service.IRoleService.queryForPage(QueryObject)', '[{\"page\":1,\"rows\":10,\"keyword\":null,\"start\":0}]');
INSERT INTO `log` VALUES (391, 1, '2019-08-19 14:35:14', '0:0:0:0:0:0:0:1', 'com._520it.crm.service.impl.PermissionServiceImpl@52e485aa:PageResult com._520it.crm.service.IPermissionService.queryForPage(QueryObject)', '[{\"page\":1,\"rows\":10,\"rid\":null,\"start\":0}]');
INSERT INTO `log` VALUES (392, NULL, '2019-08-19 14:43:16', '0:0:0:0:0:0:0:1', 'com._520it.crm.service.impl.EmployeeServiceImpl@22d267:Employee com._520it.crm.service.IEmployeeService.getEmployeeForLogin(String,String)', '[\"admin\",\"123\"]');
INSERT INTO `log` VALUES (393, 1, '2019-08-19 14:43:16', '0:0:0:0:0:0:0:1', 'com._520it.crm.service.impl.PermissionServiceImpl@780db184:List com._520it.crm.service.IPermissionService.queryResourceByEid(Long)', '[1]');
INSERT INTO `log` VALUES (394, 1, '2019-08-19 14:43:16', '0:0:0:0:0:0:0:1', 'com._520it.crm.service.impl.MenuServiceImpl@148c7f96:List com._520it.crm.service.IMenuService.queryForMenu()', '[]');
INSERT INTO `log` VALUES (395, 1, '2019-08-19 14:43:18', '0:0:0:0:0:0:0:1', 'com._520it.crm.service.impl.DepartmentServiceImpl@2956a226:List com._520it.crm.service.IDepartmentService.queryForEmp()', '[]');
INSERT INTO `log` VALUES (396, 1, '2019-08-19 14:43:18', '0:0:0:0:0:0:0:1', 'com._520it.crm.service.impl.RoleServiceImpl@236661af:List com._520it.crm.service.IRoleService.selectAll()', '[]');
INSERT INTO `log` VALUES (397, 1, '2019-08-19 14:43:18', '0:0:0:0:0:0:0:1', 'com._520it.crm.service.impl.EmployeeServiceImpl@22d267:PageResult com._520it.crm.service.IEmployeeService.queryForPage(EmployeeQueryObject)', '[{\"page\":1,\"rows\":10,\"keyword\":null,\"start\":0}]');
INSERT INTO `log` VALUES (398, 1, '2019-08-19 14:43:20', '0:0:0:0:0:0:0:1', 'com._520it.crm.service.impl.RoleServiceImpl@236661af:PageResult com._520it.crm.service.IRoleService.queryForPage(QueryObject)', '[{\"page\":1,\"rows\":10,\"keyword\":null,\"start\":0}]');
INSERT INTO `log` VALUES (399, 1, '2019-08-19 14:43:20', '0:0:0:0:0:0:0:1', 'com._520it.crm.service.impl.PermissionServiceImpl@780db184:PageResult com._520it.crm.service.IPermissionService.queryForPage(QueryObject)', '[{\"page\":1,\"rows\":10,\"rid\":null,\"start\":0}]');
INSERT INTO `log` VALUES (400, 1, '2019-08-19 14:43:25', '0:0:0:0:0:0:0:1', 'com._520it.crm.service.impl.DepartmentServiceImpl@2956a226:List com._520it.crm.service.IDepartmentService.queryForEmp()', '[]');
INSERT INTO `log` VALUES (401, 1, '2019-08-19 14:43:25', '0:0:0:0:0:0:0:1', 'com._520it.crm.service.impl.RoleServiceImpl@236661af:List com._520it.crm.service.IRoleService.selectAll()', '[]');
INSERT INTO `log` VALUES (402, 1, '2019-08-19 14:43:25', '0:0:0:0:0:0:0:1', 'com._520it.crm.service.impl.EmployeeServiceImpl@22d267:PageResult com._520it.crm.service.IEmployeeService.queryForPage(EmployeeQueryObject)', '[{\"page\":1,\"rows\":10,\"keyword\":null,\"start\":0}]');
INSERT INTO `log` VALUES (403, 1, '2019-08-19 14:43:26', '0:0:0:0:0:0:0:1', 'com._520it.crm.service.impl.RoleServiceImpl@236661af:PageResult com._520it.crm.service.IRoleService.queryForPage(QueryObject)', '[{\"page\":1,\"rows\":10,\"keyword\":null,\"start\":0}]');
INSERT INTO `log` VALUES (404, 1, '2019-08-19 14:43:26', '0:0:0:0:0:0:0:1', 'com._520it.crm.service.impl.PermissionServiceImpl@780db184:PageResult com._520it.crm.service.IPermissionService.queryForPage(QueryObject)', '[{\"page\":1,\"rows\":10,\"rid\":null,\"start\":0}]');
INSERT INTO `log` VALUES (405, NULL, '2019-08-19 16:24:21', '0:0:0:0:0:0:0:1', 'com._520it.crm.service.impl.EmployeeServiceImpl@3d25c853:Employee com._520it.crm.service.IEmployeeService.getEmployeeForLogin(String,String)', '[\"admin\",\"123\"]');
INSERT INTO `log` VALUES (406, 1, '2019-08-19 16:24:21', '0:0:0:0:0:0:0:1', 'com._520it.crm.service.impl.PermissionServiceImpl@7ce3b476:List com._520it.crm.service.IPermissionService.queryResourceByEid(Long)', '[1]');
INSERT INTO `log` VALUES (407, 1, '2019-08-19 16:24:21', '0:0:0:0:0:0:0:1', 'com._520it.crm.service.impl.MenuServiceImpl@61a9997e:List com._520it.crm.service.IMenuService.queryForMenu()', '[]');
INSERT INTO `log` VALUES (408, 1, '2019-08-19 16:24:36', '0:0:0:0:0:0:0:1', 'com._520it.crm.service.impl.RoleServiceImpl@5f6aff19:PageResult com._520it.crm.service.IRoleService.queryForPage(QueryObject)', '[{\"page\":1,\"rows\":10,\"keyword\":null,\"start\":0}]');
INSERT INTO `log` VALUES (409, 1, '2019-08-19 16:24:36', '0:0:0:0:0:0:0:1', 'com._520it.crm.service.impl.PermissionServiceImpl@7ce3b476:PageResult com._520it.crm.service.IPermissionService.queryForPage(QueryObject)', '[{\"page\":1,\"rows\":10,\"rid\":null,\"start\":0}]');
INSERT INTO `log` VALUES (410, 1, '2019-08-19 16:24:43', '0:0:0:0:0:0:0:1', 'com._520it.crm.service.impl.PermissionServiceImpl@7ce3b476:PageResult com._520it.crm.service.IPermissionService.queryForPage(QueryObject)', '[{\"page\":1,\"rows\":10,\"rid\":6,\"start\":0}]');
INSERT INTO `log` VALUES (411, 1, '2019-08-19 16:28:22', '0:0:0:0:0:0:0:1', 'com._520it.crm.service.impl.EmployeeServiceImpl@3d25c853:Employee com._520it.crm.service.IEmployeeService.getEmployeeForLogin(String,String)', '[\"admin\",\"123\"]');
INSERT INTO `log` VALUES (412, 1, '2019-08-19 16:28:22', '0:0:0:0:0:0:0:1', 'com._520it.crm.service.impl.PermissionServiceImpl@7ce3b476:List com._520it.crm.service.IPermissionService.queryResourceByEid(Long)', '[1]');
INSERT INTO `log` VALUES (413, 1, '2019-08-19 16:28:22', '0:0:0:0:0:0:0:1', 'com._520it.crm.service.impl.MenuServiceImpl@61a9997e:List com._520it.crm.service.IMenuService.queryForMenu()', '[]');
INSERT INTO `log` VALUES (414, NULL, '2019-08-19 16:28:32', '0:0:0:0:0:0:0:1', 'com._520it.crm.service.impl.EmployeeServiceImpl@3d25c853:Employee com._520it.crm.service.IEmployeeService.getEmployeeForLogin(String,String)', '[\"admin\",\"123\"]');
INSERT INTO `log` VALUES (415, 1, '2019-08-19 16:28:32', '0:0:0:0:0:0:0:1', 'com._520it.crm.service.impl.PermissionServiceImpl@7ce3b476:List com._520it.crm.service.IPermissionService.queryResourceByEid(Long)', '[1]');
INSERT INTO `log` VALUES (416, 1, '2019-08-19 16:28:32', '0:0:0:0:0:0:0:1', 'com._520it.crm.service.impl.MenuServiceImpl@61a9997e:List com._520it.crm.service.IMenuService.queryForMenu()', '[]');
INSERT INTO `log` VALUES (417, NULL, '2019-08-19 16:29:04', '0:0:0:0:0:0:0:1', 'com._520it.crm.service.impl.EmployeeServiceImpl@3d25c853:Employee com._520it.crm.service.IEmployeeService.getEmployeeForLogin(String,String)', '[\"admin\",\"123\"]');
INSERT INTO `log` VALUES (418, 1, '2019-08-19 16:29:04', '0:0:0:0:0:0:0:1', 'com._520it.crm.service.impl.PermissionServiceImpl@7ce3b476:List com._520it.crm.service.IPermissionService.queryResourceByEid(Long)', '[1]');
INSERT INTO `log` VALUES (419, 1, '2019-08-19 16:29:08', '0:0:0:0:0:0:0:1', 'com._520it.crm.service.impl.MenuServiceImpl@61a9997e:List com._520it.crm.service.IMenuService.queryForMenu()', '[]');
INSERT INTO `log` VALUES (420, NULL, '2019-08-19 16:30:19', '0:0:0:0:0:0:0:1', 'com._520it.crm.service.impl.EmployeeServiceImpl@460085da:Employee com._520it.crm.service.IEmployeeService.getEmployeeForLogin(String,String)', '[\"admin\",\"123\"]');
INSERT INTO `log` VALUES (421, 1, '2019-08-19 16:30:20', '0:0:0:0:0:0:0:1', 'com._520it.crm.service.impl.PermissionServiceImpl@85e8da9:List com._520it.crm.service.IPermissionService.queryResourceByEid(Long)', '[1]');
INSERT INTO `log` VALUES (422, 1, '2019-08-19 16:30:22', '0:0:0:0:0:0:0:1', 'com._520it.crm.service.impl.MenuServiceImpl@25038108:List com._520it.crm.service.IMenuService.queryForMenu()', '[]');
INSERT INTO `log` VALUES (423, NULL, '2019-08-19 16:32:08', '0:0:0:0:0:0:0:1', 'com._520it.crm.service.impl.EmployeeServiceImpl@78f04cff:Employee com._520it.crm.service.IEmployeeService.getEmployeeForLogin(String,String)', '[\"admin\",\"123\"]');
INSERT INTO `log` VALUES (424, 1, '2019-08-19 16:32:08', '0:0:0:0:0:0:0:1', 'com._520it.crm.service.impl.PermissionServiceImpl@7e717bdb:List com._520it.crm.service.IPermissionService.queryResourceByEid(Long)', '[1]');
INSERT INTO `log` VALUES (425, 1, '2019-08-19 16:32:10', '0:0:0:0:0:0:0:1', 'com._520it.crm.service.impl.MenuServiceImpl@1375f9:List com._520it.crm.service.IMenuService.queryForMenu()', '[]');
INSERT INTO `log` VALUES (426, 1, '2019-08-19 16:33:00', '0:0:0:0:0:0:0:1', 'com._520it.crm.service.impl.RoleServiceImpl@3a56b99b:PageResult com._520it.crm.service.IRoleService.queryForPage(QueryObject)', '[{\"page\":1,\"rows\":10,\"keyword\":null,\"start\":0}]');
INSERT INTO `log` VALUES (427, 1, '2019-08-19 16:33:00', '0:0:0:0:0:0:0:1', 'com._520it.crm.service.impl.PermissionServiceImpl@7e717bdb:PageResult com._520it.crm.service.IPermissionService.queryForPage(QueryObject)', '[{\"page\":1,\"rows\":10,\"rid\":null,\"start\":0}]');
INSERT INTO `log` VALUES (428, 1, '2019-08-19 16:33:05', '0:0:0:0:0:0:0:1', 'com._520it.crm.service.impl.PermissionServiceImpl@7e717bdb:PageResult com._520it.crm.service.IPermissionService.queryForPage(QueryObject)', '[{\"page\":1,\"rows\":10,\"rid\":6,\"start\":0}]');
INSERT INTO `log` VALUES (429, 1, '2019-08-19 16:33:13', '0:0:0:0:0:0:0:1', 'com._520it.crm.service.impl.RoleServiceImpl@3a56b99b:int com._520it.crm.service.IRoleService.updateByPrimaryKey(Role)', '[{\"id\":6,\"name\":\"超级管理员\",\"sn\":\"001\",\"permissions\":[{\"id\":1,\"name\":null,\"resource\":null},{\"id\":2,\"name\":null,\"resource\":null},{\"id\":3,\"name\":null,\"resource\":null},{\"id\":4,\"name\":null,\"resource\":null},{\"id\":5,\"name\":null,\"resource\":null},{\"id\":6,\"name\":null,\"resource\":null}]}]');
INSERT INTO `log` VALUES (430, 1, '2019-08-19 16:33:14', '0:0:0:0:0:0:0:1', 'com._520it.crm.service.impl.RoleServiceImpl@3a56b99b:PageResult com._520it.crm.service.IRoleService.queryForPage(QueryObject)', '[{\"page\":1,\"rows\":10,\"keyword\":null,\"start\":0}]');
INSERT INTO `log` VALUES (431, 1, '2019-08-19 16:33:18', '0:0:0:0:0:0:0:1', 'com._520it.crm.service.impl.PermissionServiceImpl@7e717bdb:PageResult com._520it.crm.service.IPermissionService.queryForPage(QueryObject)', '[{\"page\":1,\"rows\":10,\"rid\":7,\"start\":0}]');
INSERT INTO `log` VALUES (432, 1, '2019-08-19 16:33:31', '0:0:0:0:0:0:0:1', 'com._520it.crm.service.impl.RoleServiceImpl@3a56b99b:int com._520it.crm.service.IRoleService.updateByPrimaryKey(Role)', '[{\"id\":7,\"name\":\"普通管理员\",\"sn\":\"002\",\"permissions\":[{\"id\":2,\"name\":null,\"resource\":null},{\"id\":1,\"name\":null,\"resource\":null},{\"id\":5,\"name\":null,\"resource\":null}]}]');
INSERT INTO `log` VALUES (433, 1, '2019-08-19 16:33:32', '0:0:0:0:0:0:0:1', 'com._520it.crm.service.impl.RoleServiceImpl@3a56b99b:PageResult com._520it.crm.service.IRoleService.queryForPage(QueryObject)', '[{\"page\":1,\"rows\":10,\"keyword\":null,\"start\":0}]');
INSERT INTO `log` VALUES (434, NULL, '2019-08-19 16:33:45', '0:0:0:0:0:0:0:1', 'com._520it.crm.service.impl.EmployeeServiceImpl@78f04cff:Employee com._520it.crm.service.IEmployeeService.getEmployeeForLogin(String,String)', '[\"admin\",\"123\"]');
INSERT INTO `log` VALUES (435, 1, '2019-08-19 16:33:45', '0:0:0:0:0:0:0:1', 'com._520it.crm.service.impl.PermissionServiceImpl@7e717bdb:List com._520it.crm.service.IPermissionService.queryResourceByEid(Long)', '[1]');
INSERT INTO `log` VALUES (436, 1, '2019-08-19 16:33:47', '0:0:0:0:0:0:0:1', 'com._520it.crm.service.impl.MenuServiceImpl@1375f9:List com._520it.crm.service.IMenuService.queryForMenu()', '[]');
INSERT INTO `log` VALUES (437, 1, '2019-08-19 16:34:16', '0:0:0:0:0:0:0:1', 'com._520it.crm.service.impl.DepartmentServiceImpl@3ab097cf:List com._520it.crm.service.IDepartmentService.queryForEmp()', '[]');
INSERT INTO `log` VALUES (438, 1, '2019-08-19 16:34:16', '0:0:0:0:0:0:0:1', 'com._520it.crm.service.impl.RoleServiceImpl@3a56b99b:List com._520it.crm.service.IRoleService.selectAll()', '[]');
INSERT INTO `log` VALUES (439, 1, '2019-08-19 16:34:17', '0:0:0:0:0:0:0:1', 'com._520it.crm.service.impl.EmployeeServiceImpl@78f04cff:PageResult com._520it.crm.service.IEmployeeService.queryForPage(EmployeeQueryObject)', '[{\"page\":1,\"rows\":10,\"keyword\":null,\"start\":0}]');
INSERT INTO `log` VALUES (440, 1, '2019-08-19 16:34:19', '0:0:0:0:0:0:0:1', 'com._520it.crm.service.impl.RoleServiceImpl@3a56b99b:PageResult com._520it.crm.service.IRoleService.queryForPage(QueryObject)', '[{\"page\":1,\"rows\":10,\"keyword\":null,\"start\":0}]');
INSERT INTO `log` VALUES (441, 1, '2019-08-19 16:34:19', '0:0:0:0:0:0:0:1', 'com._520it.crm.service.impl.PermissionServiceImpl@7e717bdb:PageResult com._520it.crm.service.IPermissionService.queryForPage(QueryObject)', '[{\"page\":1,\"rows\":10,\"rid\":null,\"start\":0}]');
INSERT INTO `log` VALUES (442, 1, '2019-08-19 16:34:24', '0:0:0:0:0:0:0:1', 'com._520it.crm.service.impl.DepartmentServiceImpl@3ab097cf:List com._520it.crm.service.IDepartmentService.queryForEmp()', '[]');
INSERT INTO `log` VALUES (443, 1, '2019-08-19 16:34:24', '0:0:0:0:0:0:0:1', 'com._520it.crm.service.impl.RoleServiceImpl@3a56b99b:List com._520it.crm.service.IRoleService.selectAll()', '[]');
INSERT INTO `log` VALUES (444, 1, '2019-08-19 16:34:24', '0:0:0:0:0:0:0:1', 'com._520it.crm.service.impl.EmployeeServiceImpl@78f04cff:PageResult com._520it.crm.service.IEmployeeService.queryForPage(EmployeeQueryObject)', '[{\"page\":1,\"rows\":10,\"keyword\":null,\"start\":0}]');
INSERT INTO `log` VALUES (445, 1, '2019-08-19 16:34:54', '0:0:0:0:0:0:0:1', 'com._520it.crm.service.impl.EmployeeServiceImpl@78f04cff:Employee com._520it.crm.service.IEmployeeService.getEmployeeForLogin(String,String)', '[\"test\",\"123\"]');
INSERT INTO `log` VALUES (446, 2, '2019-08-19 16:34:54', '0:0:0:0:0:0:0:1', 'com._520it.crm.service.impl.PermissionServiceImpl@7e717bdb:List com._520it.crm.service.IPermissionService.queryResourceByEid(Long)', '[2]');
INSERT INTO `log` VALUES (447, 2, '2019-08-19 16:34:57', '0:0:0:0:0:0:0:1', 'com._520it.crm.service.impl.MenuServiceImpl@1375f9:List com._520it.crm.service.IMenuService.queryForMenu()', '[]');
INSERT INTO `log` VALUES (448, 2, '2019-08-19 16:34:57', '0:0:0:0:0:0:0:1', 'com._520it.crm.service.impl.PermissionServiceImpl@7e717bdb:List com._520it.crm.service.IPermissionService.selectAll()', '[]');
INSERT INTO `log` VALUES (449, 2, '2019-08-19 16:35:24', '0:0:0:0:0:0:0:1', 'com._520it.crm.service.impl.DepartmentServiceImpl@3ab097cf:List com._520it.crm.service.IDepartmentService.queryForEmp()', '[]');
INSERT INTO `log` VALUES (450, 2, '2019-08-19 16:35:24', '0:0:0:0:0:0:0:1', 'com._520it.crm.service.impl.RoleServiceImpl@3a56b99b:List com._520it.crm.service.IRoleService.selectAll()', '[]');
INSERT INTO `log` VALUES (451, 2, '2019-08-19 16:35:25', '0:0:0:0:0:0:0:1', 'com._520it.crm.service.impl.EmployeeServiceImpl@78f04cff:PageResult com._520it.crm.service.IEmployeeService.queryForPage(EmployeeQueryObject)', '[{\"page\":1,\"rows\":10,\"keyword\":null,\"start\":0}]');
INSERT INTO `log` VALUES (452, 2, '2019-08-19 16:35:31', '0:0:0:0:0:0:0:1', 'com._520it.crm.service.impl.RoleServiceImpl@3a56b99b:PageResult com._520it.crm.service.IRoleService.queryForPage(QueryObject)', '[{\"page\":1,\"rows\":10,\"keyword\":null,\"start\":0}]');
INSERT INTO `log` VALUES (453, 2, '2019-08-19 16:35:31', '0:0:0:0:0:0:0:1', 'com._520it.crm.service.impl.PermissionServiceImpl@7e717bdb:PageResult com._520it.crm.service.IPermissionService.queryForPage(QueryObject)', '[{\"page\":1,\"rows\":10,\"rid\":null,\"start\":0}]');
INSERT INTO `log` VALUES (454, 2, '2019-08-19 16:35:39', '0:0:0:0:0:0:0:1', 'com._520it.crm.service.impl.PermissionServiceImpl@7e717bdb:PageResult com._520it.crm.service.IPermissionService.queryForPage(QueryObject)', '[{\"page\":1,\"rows\":10,\"rid\":7,\"start\":0}]');
INSERT INTO `log` VALUES (455, NULL, '2019-08-19 16:38:09', '0:0:0:0:0:0:0:1', 'com._520it.crm.service.impl.EmployeeServiceImpl@78f04cff:Employee com._520it.crm.service.IEmployeeService.getEmployeeForLogin(String,String)', '[\"admin\",\"123\"]');
INSERT INTO `log` VALUES (456, 1, '2019-08-19 16:38:09', '0:0:0:0:0:0:0:1', 'com._520it.crm.service.impl.PermissionServiceImpl@7e717bdb:List com._520it.crm.service.IPermissionService.queryResourceByEid(Long)', '[1]');
INSERT INTO `log` VALUES (457, 1, '2019-08-19 16:38:12', '0:0:0:0:0:0:0:1', 'com._520it.crm.service.impl.MenuServiceImpl@1375f9:List com._520it.crm.service.IMenuService.queryForMenu()', '[]');
INSERT INTO `log` VALUES (458, 1, '2019-08-19 16:42:19', '0:0:0:0:0:0:0:1', 'com._520it.crm.service.impl.EmployeeServiceImpl@78f04cff:Employee com._520it.crm.service.IEmployeeService.getEmployeeForLogin(String,String)', '[\"test\",\"123\"]');
INSERT INTO `log` VALUES (459, 2, '2019-08-19 16:42:19', '0:0:0:0:0:0:0:1', 'com._520it.crm.service.impl.PermissionServiceImpl@7e717bdb:List com._520it.crm.service.IPermissionService.queryResourceByEid(Long)', '[2]');
INSERT INTO `log` VALUES (460, 2, '2019-08-19 16:42:22', '0:0:0:0:0:0:0:1', 'com._520it.crm.service.impl.MenuServiceImpl@1375f9:List com._520it.crm.service.IMenuService.queryForMenu()', '[]');
INSERT INTO `log` VALUES (461, 2, '2019-08-19 16:42:52', '0:0:0:0:0:0:0:1', 'com._520it.crm.service.impl.EmployeeServiceImpl@78f04cff:Employee com._520it.crm.service.IEmployeeService.getEmployeeForLogin(String,String)', '[\"test\",\"123\"]');
INSERT INTO `log` VALUES (462, 2, '2019-08-19 16:42:52', '0:0:0:0:0:0:0:1', 'com._520it.crm.service.impl.PermissionServiceImpl@7e717bdb:List com._520it.crm.service.IPermissionService.queryResourceByEid(Long)', '[2]');
INSERT INTO `log` VALUES (463, 2, '2019-08-19 16:42:54', '0:0:0:0:0:0:0:1', 'com._520it.crm.service.impl.MenuServiceImpl@1375f9:List com._520it.crm.service.IMenuService.queryForMenu()', '[]');
INSERT INTO `log` VALUES (464, 2, '2019-08-19 16:50:29', '0:0:0:0:0:0:0:1', 'com._520it.crm.service.impl.EmployeeServiceImpl@78f04cff:Employee com._520it.crm.service.IEmployeeService.getEmployeeForLogin(String,String)', '[\"test\",\"123\"]');
INSERT INTO `log` VALUES (465, 2, '2019-08-19 16:50:29', '0:0:0:0:0:0:0:1', 'com._520it.crm.service.impl.PermissionServiceImpl@7e717bdb:List com._520it.crm.service.IPermissionService.queryResourceByEid(Long)', '[2]');
INSERT INTO `log` VALUES (466, 2, '2019-08-19 16:51:33', '0:0:0:0:0:0:0:1', 'com._520it.crm.service.impl.MenuServiceImpl@1375f9:List com._520it.crm.service.IMenuService.queryForMenu()', '[]');
INSERT INTO `log` VALUES (467, NULL, '2019-08-19 16:54:31', '0:0:0:0:0:0:0:1', 'com._520it.crm.service.impl.EmployeeServiceImpl@5c97958f:Employee com._520it.crm.service.IEmployeeService.getEmployeeForLogin(String,String)', '[\"test\",\"123\"]');
INSERT INTO `log` VALUES (468, 2, '2019-08-19 16:54:31', '0:0:0:0:0:0:0:1', 'com._520it.crm.service.impl.PermissionServiceImpl@37137f66:List com._520it.crm.service.IPermissionService.queryResourceByEid(Long)', '[2]');
INSERT INTO `log` VALUES (469, 2, '2019-08-19 16:54:32', '0:0:0:0:0:0:0:1', 'com._520it.crm.service.impl.MenuServiceImpl@1eb32f54:List com._520it.crm.service.IMenuService.queryForMenu()', '[]');
INSERT INTO `log` VALUES (470, 2, '2019-08-19 16:54:32', '0:0:0:0:0:0:0:1', 'com._520it.crm.service.impl.PermissionServiceImpl@37137f66:List com._520it.crm.service.IPermissionService.selectAll()', '[]');
INSERT INTO `log` VALUES (471, 2, '2019-08-19 17:00:41', '0:0:0:0:0:0:0:1', 'com._520it.crm.service.impl.EmployeeServiceImpl@5c97958f:Employee com._520it.crm.service.IEmployeeService.getEmployeeForLogin(String,String)', '[\"admin\",\"123\"]');
INSERT INTO `log` VALUES (472, 1, '2019-08-19 17:00:41', '0:0:0:0:0:0:0:1', 'com._520it.crm.service.impl.PermissionServiceImpl@37137f66:List com._520it.crm.service.IPermissionService.queryResourceByEid(Long)', '[1]');
INSERT INTO `log` VALUES (473, 1, '2019-08-19 17:00:41', '0:0:0:0:0:0:0:1', 'com._520it.crm.service.impl.MenuServiceImpl@1eb32f54:List com._520it.crm.service.IMenuService.queryForMenu()', '[]');
INSERT INTO `log` VALUES (474, 1, '2019-08-19 17:00:49', '0:0:0:0:0:0:0:1', 'com._520it.crm.service.impl.DepartmentServiceImpl@1323d3a9:List com._520it.crm.service.IDepartmentService.queryForEmp()', '[]');
INSERT INTO `log` VALUES (475, 1, '2019-08-19 17:00:49', '0:0:0:0:0:0:0:1', 'com._520it.crm.service.impl.RoleServiceImpl@453068b5:List com._520it.crm.service.IRoleService.selectAll()', '[]');
INSERT INTO `log` VALUES (476, 1, '2019-08-19 17:00:49', '0:0:0:0:0:0:0:1', 'com._520it.crm.service.impl.EmployeeServiceImpl@5c97958f:PageResult com._520it.crm.service.IEmployeeService.queryForPage(EmployeeQueryObject)', '[{\"page\":1,\"rows\":10,\"keyword\":null,\"start\":0}]');
INSERT INTO `log` VALUES (477, 1, '2019-08-19 17:00:51', '0:0:0:0:0:0:0:1', 'com._520it.crm.service.impl.RoleServiceImpl@453068b5:PageResult com._520it.crm.service.IRoleService.queryForPage(QueryObject)', '[{\"page\":1,\"rows\":10,\"keyword\":null,\"start\":0}]');
INSERT INTO `log` VALUES (478, 1, '2019-08-19 17:00:51', '0:0:0:0:0:0:0:1', 'com._520it.crm.service.impl.PermissionServiceImpl@37137f66:PageResult com._520it.crm.service.IPermissionService.queryForPage(QueryObject)', '[{\"page\":1,\"rows\":10,\"rid\":null,\"start\":0}]');
INSERT INTO `log` VALUES (479, NULL, '2019-08-19 17:29:02', '0:0:0:0:0:0:0:1', 'com._520it.crm.service.impl.EmployeeServiceImpl@2860fee8:Employee com._520it.crm.service.IEmployeeService.getEmployeeForLogin(String,String)', '[\"admin\",\"123\"]');
INSERT INTO `log` VALUES (480, 1, '2019-08-19 17:29:02', '0:0:0:0:0:0:0:1', 'com._520it.crm.service.impl.PermissionServiceImpl@7220e630:List com._520it.crm.service.IPermissionService.queryResourceByEid(Long)', '[1]');
INSERT INTO `log` VALUES (481, 1, '2019-08-19 17:29:02', '0:0:0:0:0:0:0:1', 'com._520it.crm.service.impl.MenuServiceImpl@62c460cf:List com._520it.crm.service.IMenuService.queryForMenu()', '[]');
INSERT INTO `log` VALUES (482, 1, '2019-08-19 17:29:05', '0:0:0:0:0:0:0:1', 'com._520it.crm.service.impl.DepartmentServiceImpl@5ff9f650:PageResult com._520it.crm.service.IDepartmentService.queryForPage(DepartmentQueryObject)', '[{\"page\":1,\"rows\":10,\"keyword\":null,\"start\":0}]');
INSERT INTO `log` VALUES (483, 1, '2019-08-19 17:29:15', '0:0:0:0:0:0:0:1', 'com._520it.crm.service.impl.RoleServiceImpl@23a360df:PageResult com._520it.crm.service.IRoleService.queryForPage(QueryObject)', '[{\"page\":1,\"rows\":10,\"keyword\":null,\"start\":0}]');
INSERT INTO `log` VALUES (484, 1, '2019-08-19 17:29:15', '0:0:0:0:0:0:0:1', 'com._520it.crm.service.impl.PermissionServiceImpl@7220e630:PageResult com._520it.crm.service.IPermissionService.queryForPage(QueryObject)', '[{\"page\":1,\"rows\":10,\"rid\":null,\"start\":0}]');
INSERT INTO `log` VALUES (485, 1, '2019-08-19 17:29:16', '0:0:0:0:0:0:0:1', 'com._520it.crm.service.impl.DepartmentServiceImpl@5ff9f650:List com._520it.crm.service.IDepartmentService.queryForEmp()', '[]');
INSERT INTO `log` VALUES (486, 1, '2019-08-19 17:29:16', '0:0:0:0:0:0:0:1', 'com._520it.crm.service.impl.RoleServiceImpl@23a360df:List com._520it.crm.service.IRoleService.selectAll()', '[]');
INSERT INTO `log` VALUES (487, 1, '2019-08-19 17:29:16', '0:0:0:0:0:0:0:1', 'com._520it.crm.service.impl.EmployeeServiceImpl@2860fee8:PageResult com._520it.crm.service.IEmployeeService.queryForPage(EmployeeQueryObject)', '[{\"page\":1,\"rows\":10,\"keyword\":null,\"start\":0}]');
INSERT INTO `log` VALUES (488, 1, '2019-08-19 17:30:12', '0:0:0:0:0:0:0:1', 'com._520it.crm.service.impl.PermissionServiceImpl@7220e630:PageResult com._520it.crm.service.IPermissionService.queryForPage(QueryObject)', '[{\"page\":1,\"rows\":10,\"rid\":6,\"start\":0}]');
INSERT INTO `log` VALUES (489, 1, '2019-08-19 17:30:27', '0:0:0:0:0:0:0:1', 'com._520it.crm.service.impl.EmployeeServiceImpl@2860fee8:PageResult com._520it.crm.service.IEmployeeService.queryForPage(EmployeeQueryObject)', '[{\"page\":1,\"rows\":10,\"keyword\":null,\"start\":0}]');
INSERT INTO `log` VALUES (490, 1, '2019-08-19 17:30:31', '0:0:0:0:0:0:0:1', 'com._520it.crm.service.impl.DepartmentServiceImpl@5ff9f650:PageResult com._520it.crm.service.IDepartmentService.queryForPage(DepartmentQueryObject)', '[{\"page\":1,\"rows\":10,\"keyword\":\"boss\",\"start\":0}]');
INSERT INTO `log` VALUES (491, 1, '2019-08-19 17:35:32', '0:0:0:0:0:0:0:1', 'com._520it.crm.service.impl.DepartmentServiceImpl@5ff9f650:PageResult com._520it.crm.service.IDepartmentService.queryForPage(DepartmentQueryObject)', '[{\"page\":1,\"rows\":10,\"keyword\":null,\"start\":0}]');
INSERT INTO `log` VALUES (492, 1, '2019-08-19 17:36:06', '0:0:0:0:0:0:0:1', 'com._520it.crm.service.impl.EmployeeServiceImpl@2860fee8:Employee com._520it.crm.service.IEmployeeService.getEmployeeForLogin(String,String)', '[\"test\",\"123\"]');
INSERT INTO `log` VALUES (493, 2, '2019-08-19 17:36:06', '0:0:0:0:0:0:0:1', 'com._520it.crm.service.impl.PermissionServiceImpl@7220e630:List com._520it.crm.service.IPermissionService.queryResourceByEid(Long)', '[2]');
INSERT INTO `log` VALUES (494, 2, '2019-08-19 17:36:06', '0:0:0:0:0:0:0:1', 'com._520it.crm.service.impl.MenuServiceImpl@62c460cf:List com._520it.crm.service.IMenuService.queryForMenu()', '[]');
INSERT INTO `log` VALUES (495, 2, '2019-08-19 17:36:09', '0:0:0:0:0:0:0:1', 'com._520it.crm.service.impl.PermissionServiceImpl@7220e630:List com._520it.crm.service.IPermissionService.selectAll()', '[]');
INSERT INTO `log` VALUES (496, 2, '2019-08-19 17:36:14', '0:0:0:0:0:0:0:1', 'com._520it.crm.service.impl.DepartmentServiceImpl@5ff9f650:List com._520it.crm.service.IDepartmentService.queryForEmp()', '[]');
INSERT INTO `log` VALUES (497, 2, '2019-08-19 17:36:14', '0:0:0:0:0:0:0:1', 'com._520it.crm.service.impl.RoleServiceImpl@23a360df:List com._520it.crm.service.IRoleService.selectAll()', '[]');
INSERT INTO `log` VALUES (498, 2, '2019-08-19 17:36:14', '0:0:0:0:0:0:0:1', 'com._520it.crm.service.impl.EmployeeServiceImpl@2860fee8:PageResult com._520it.crm.service.IEmployeeService.queryForPage(EmployeeQueryObject)', '[{\"page\":1,\"rows\":10,\"keyword\":null,\"start\":0}]');
INSERT INTO `log` VALUES (499, NULL, '2019-08-19 17:37:48', '0:0:0:0:0:0:0:1', 'com._520it.crm.service.impl.EmployeeServiceImpl@639016bf:Employee com._520it.crm.service.IEmployeeService.getEmployeeForLogin(String,String)', '[\"test\",\"123\"]');
INSERT INTO `log` VALUES (500, 2, '2019-08-19 17:37:48', '0:0:0:0:0:0:0:1', 'com._520it.crm.service.impl.PermissionServiceImpl@47fcdd14:List com._520it.crm.service.IPermissionService.queryResourceByEid(Long)', '[2]');
INSERT INTO `log` VALUES (501, 2, '2019-08-19 17:37:48', '0:0:0:0:0:0:0:1', 'com._520it.crm.service.impl.MenuServiceImpl@179802c2:List com._520it.crm.service.IMenuService.queryForMenu()', '[]');
INSERT INTO `log` VALUES (502, 2, '2019-08-19 17:37:48', '0:0:0:0:0:0:0:1', 'com._520it.crm.service.impl.PermissionServiceImpl@47fcdd14:List com._520it.crm.service.IPermissionService.selectAll()', '[]');
INSERT INTO `log` VALUES (503, 2, '2019-08-19 17:37:51', '0:0:0:0:0:0:0:1', 'com._520it.crm.service.impl.DepartmentServiceImpl@9fc3c91:List com._520it.crm.service.IDepartmentService.queryForEmp()', '[]');
INSERT INTO `log` VALUES (504, 2, '2019-08-19 17:37:51', '0:0:0:0:0:0:0:1', 'com._520it.crm.service.impl.RoleServiceImpl@1662d50d:List com._520it.crm.service.IRoleService.selectAll()', '[]');
INSERT INTO `log` VALUES (505, 2, '2019-08-19 17:37:51', '0:0:0:0:0:0:0:1', 'com._520it.crm.service.impl.EmployeeServiceImpl@639016bf:PageResult com._520it.crm.service.IEmployeeService.queryForPage(EmployeeQueryObject)', '[{\"page\":1,\"rows\":10,\"keyword\":null,\"start\":0}]');
INSERT INTO `log` VALUES (506, 2, '2019-08-19 17:38:24', '0:0:0:0:0:0:0:1', 'com._520it.crm.service.impl.DepartmentServiceImpl@9fc3c91:List com._520it.crm.service.IDepartmentService.queryForEmp()', '[]');
INSERT INTO `log` VALUES (507, 2, '2019-08-19 17:38:24', '0:0:0:0:0:0:0:1', 'com._520it.crm.service.impl.RoleServiceImpl@1662d50d:List com._520it.crm.service.IRoleService.selectAll()', '[]');
INSERT INTO `log` VALUES (508, 2, '2019-08-19 17:38:24', '0:0:0:0:0:0:0:1', 'com._520it.crm.service.impl.EmployeeServiceImpl@639016bf:PageResult com._520it.crm.service.IEmployeeService.queryForPage(EmployeeQueryObject)', '[{\"page\":1,\"rows\":10,\"keyword\":null,\"start\":0}]');
INSERT INTO `log` VALUES (509, 2, '2019-08-19 17:39:36', '0:0:0:0:0:0:0:1', 'com._520it.crm.service.impl.EmployeeServiceImpl@639016bf:Employee com._520it.crm.service.IEmployeeService.getEmployeeForLogin(String,String)', '[\"admin\",\"123\"]');
INSERT INTO `log` VALUES (510, 1, '2019-08-19 17:39:36', '0:0:0:0:0:0:0:1', 'com._520it.crm.service.impl.PermissionServiceImpl@47fcdd14:List com._520it.crm.service.IPermissionService.queryResourceByEid(Long)', '[1]');
INSERT INTO `log` VALUES (511, 1, '2019-08-19 17:39:36', '0:0:0:0:0:0:0:1', 'com._520it.crm.service.impl.MenuServiceImpl@179802c2:List com._520it.crm.service.IMenuService.queryForMenu()', '[]');
INSERT INTO `log` VALUES (512, 1, '2019-08-19 17:40:27', '0:0:0:0:0:0:0:1', 'com._520it.crm.service.impl.DepartmentServiceImpl@9fc3c91:PageResult com._520it.crm.service.IDepartmentService.queryForPage(DepartmentQueryObject)', '[{\"page\":1,\"rows\":10,\"keyword\":null,\"start\":0}]');
INSERT INTO `log` VALUES (513, 1, '2019-08-19 17:40:28', '0:0:0:0:0:0:0:1', 'com._520it.crm.service.impl.DepartmentServiceImpl@9fc3c91:List com._520it.crm.service.IDepartmentService.queryForEmp()', '[]');
INSERT INTO `log` VALUES (514, 1, '2019-08-19 17:40:28', '0:0:0:0:0:0:0:1', 'com._520it.crm.service.impl.RoleServiceImpl@1662d50d:List com._520it.crm.service.IRoleService.selectAll()', '[]');
INSERT INTO `log` VALUES (515, 1, '2019-08-19 17:40:28', '0:0:0:0:0:0:0:1', 'com._520it.crm.service.impl.EmployeeServiceImpl@639016bf:PageResult com._520it.crm.service.IEmployeeService.queryForPage(EmployeeQueryObject)', '[{\"page\":1,\"rows\":10,\"keyword\":null,\"start\":0}]');
INSERT INTO `log` VALUES (516, 1, '2019-08-19 17:40:30', '0:0:0:0:0:0:0:1', 'com._520it.crm.service.impl.RoleServiceImpl@1662d50d:PageResult com._520it.crm.service.IRoleService.queryForPage(QueryObject)', '[{\"page\":1,\"rows\":10,\"keyword\":null,\"start\":0}]');
INSERT INTO `log` VALUES (517, 1, '2019-08-19 17:40:30', '0:0:0:0:0:0:0:1', 'com._520it.crm.service.impl.PermissionServiceImpl@47fcdd14:PageResult com._520it.crm.service.IPermissionService.queryForPage(QueryObject)', '[{\"page\":1,\"rows\":10,\"rid\":null,\"start\":0}]');
INSERT INTO `log` VALUES (518, NULL, '2019-08-19 17:44:55', '0:0:0:0:0:0:0:1', 'com._520it.crm.service.impl.EmployeeServiceImpl@6472fc98:Employee com._520it.crm.service.IEmployeeService.getEmployeeForLogin(String,String)', '[\"admin\",\"123\"]');
INSERT INTO `log` VALUES (519, 1, '2019-08-19 17:44:56', '0:0:0:0:0:0:0:1', 'com._520it.crm.service.impl.PermissionServiceImpl@7bbbe31b:List com._520it.crm.service.IPermissionService.queryResourceByEid(Long)', '[1]');
INSERT INTO `log` VALUES (520, 1, '2019-08-19 17:44:56', '0:0:0:0:0:0:0:1', 'com._520it.crm.service.impl.MenuServiceImpl@b3e233e:List com._520it.crm.service.IMenuService.queryForMenu()', '[]');
INSERT INTO `log` VALUES (521, 1, '2019-08-19 17:44:58', '0:0:0:0:0:0:0:1', 'com._520it.crm.service.impl.DepartmentServiceImpl@4c01733b:List com._520it.crm.service.IDepartmentService.queryForEmp()', '[]');
INSERT INTO `log` VALUES (522, 1, '2019-08-19 17:44:58', '0:0:0:0:0:0:0:1', 'com._520it.crm.service.impl.RoleServiceImpl@31c85f2b:List com._520it.crm.service.IRoleService.selectAll()', '[]');
INSERT INTO `log` VALUES (523, 1, '2019-08-19 17:44:58', '0:0:0:0:0:0:0:1', 'com._520it.crm.service.impl.EmployeeServiceImpl@6472fc98:PageResult com._520it.crm.service.IEmployeeService.queryForPage(EmployeeQueryObject)', '[{\"page\":1,\"rows\":10,\"keyword\":null,\"start\":0}]');
INSERT INTO `log` VALUES (524, NULL, '2019-08-19 17:45:28', '0:0:0:0:0:0:0:1', 'com._520it.crm.service.impl.EmployeeServiceImpl@142e2c9f:Employee com._520it.crm.service.IEmployeeService.getEmployeeForLogin(String,String)', '[\"admin\",\"123\"]');
INSERT INTO `log` VALUES (525, 1, '2019-08-19 17:45:28', '0:0:0:0:0:0:0:1', 'com._520it.crm.service.impl.PermissionServiceImpl@329a92b2:List com._520it.crm.service.IPermissionService.queryResourceByEid(Long)', '[1]');
INSERT INTO `log` VALUES (526, 1, '2019-08-19 17:45:28', '0:0:0:0:0:0:0:1', 'com._520it.crm.service.impl.MenuServiceImpl@6cd9662:List com._520it.crm.service.IMenuService.queryForMenu()', '[]');
INSERT INTO `log` VALUES (527, 1, '2019-08-19 17:45:30', '0:0:0:0:0:0:0:1', 'com._520it.crm.service.impl.DepartmentServiceImpl@7d0a4c4:List com._520it.crm.service.IDepartmentService.queryForEmp()', '[]');
INSERT INTO `log` VALUES (528, 1, '2019-08-19 17:45:30', '0:0:0:0:0:0:0:1', 'com._520it.crm.service.impl.RoleServiceImpl@117328f4:List com._520it.crm.service.IRoleService.selectAll()', '[]');
INSERT INTO `log` VALUES (529, 1, '2019-08-19 17:45:30', '0:0:0:0:0:0:0:1', 'com._520it.crm.service.impl.EmployeeServiceImpl@142e2c9f:PageResult com._520it.crm.service.IEmployeeService.queryForPage(EmployeeQueryObject)', '[{\"page\":1,\"rows\":10,\"keyword\":null,\"start\":0}]');
INSERT INTO `log` VALUES (530, 1, '2019-08-19 17:45:34', '0:0:0:0:0:0:0:1', 'com._520it.crm.service.impl.EmployeeServiceImpl@142e2c9f:List com._520it.crm.service.IEmployeeService.queryRoleByEid(Long)', '[2]');
INSERT INTO `log` VALUES (531, 1, '2019-08-19 17:45:42', '0:0:0:0:0:0:0:1', 'com._520it.crm.service.impl.RoleServiceImpl@117328f4:PageResult com._520it.crm.service.IRoleService.queryForPage(QueryObject)', '[{\"page\":1,\"rows\":10,\"keyword\":null,\"start\":0}]');
INSERT INTO `log` VALUES (532, 1, '2019-08-19 17:45:42', '0:0:0:0:0:0:0:1', 'com._520it.crm.service.impl.PermissionServiceImpl@329a92b2:PageResult com._520it.crm.service.IPermissionService.queryForPage(QueryObject)', '[{\"page\":1,\"rows\":10,\"rid\":null,\"start\":0}]');
INSERT INTO `log` VALUES (533, 1, '2019-08-19 17:45:45', '0:0:0:0:0:0:0:1', 'com._520it.crm.service.impl.PermissionServiceImpl@329a92b2:PageResult com._520it.crm.service.IPermissionService.queryForPage(QueryObject)', '[{\"page\":1,\"rows\":10,\"rid\":7,\"start\":0}]');
INSERT INTO `log` VALUES (534, 1, '2019-08-19 17:46:07', '0:0:0:0:0:0:0:1', 'com._520it.crm.service.impl.RoleServiceImpl@117328f4:int com._520it.crm.service.IRoleService.updateByPrimaryKey(Role)', '[{\"id\":7,\"name\":\"普通管理员\",\"sn\":\"002\",\"permissions\":[{\"id\":1,\"name\":null,\"resource\":null},{\"id\":2,\"name\":null,\"resource\":null},{\"id\":5,\"name\":null,\"resource\":null},{\"id\":6,\"name\":null,\"resource\":null}]}]');
INSERT INTO `log` VALUES (535, 1, '2019-08-19 17:46:09', '0:0:0:0:0:0:0:1', 'com._520it.crm.service.impl.RoleServiceImpl@117328f4:PageResult com._520it.crm.service.IRoleService.queryForPage(QueryObject)', '[{\"page\":1,\"rows\":10,\"keyword\":null,\"start\":0}]');
INSERT INTO `log` VALUES (536, 1, '2019-08-19 17:46:19', '0:0:0:0:0:0:0:1', 'com._520it.crm.service.impl.EmployeeServiceImpl@142e2c9f:Employee com._520it.crm.service.IEmployeeService.getEmployeeForLogin(String,String)', '[\"test\",\"123\"]');
INSERT INTO `log` VALUES (537, 2, '2019-08-19 17:46:19', '0:0:0:0:0:0:0:1', 'com._520it.crm.service.impl.PermissionServiceImpl@329a92b2:List com._520it.crm.service.IPermissionService.queryResourceByEid(Long)', '[2]');
INSERT INTO `log` VALUES (538, 2, '2019-08-19 17:46:19', '0:0:0:0:0:0:0:1', 'com._520it.crm.service.impl.MenuServiceImpl@6cd9662:List com._520it.crm.service.IMenuService.queryForMenu()', '[]');
INSERT INTO `log` VALUES (539, 2, '2019-08-19 17:46:19', '0:0:0:0:0:0:0:1', 'com._520it.crm.service.impl.PermissionServiceImpl@329a92b2:List com._520it.crm.service.IPermissionService.selectAll()', '[]');
INSERT INTO `log` VALUES (540, 2, '2019-08-19 17:46:24', '0:0:0:0:0:0:0:1', 'com._520it.crm.service.impl.DepartmentServiceImpl@7d0a4c4:List com._520it.crm.service.IDepartmentService.queryForEmp()', '[]');
INSERT INTO `log` VALUES (541, 2, '2019-08-19 17:46:24', '0:0:0:0:0:0:0:1', 'com._520it.crm.service.impl.RoleServiceImpl@117328f4:List com._520it.crm.service.IRoleService.selectAll()', '[]');
INSERT INTO `log` VALUES (542, 2, '2019-08-19 17:46:24', '0:0:0:0:0:0:0:1', 'com._520it.crm.service.impl.EmployeeServiceImpl@142e2c9f:PageResult com._520it.crm.service.IEmployeeService.queryForPage(EmployeeQueryObject)', '[{\"page\":1,\"rows\":10,\"keyword\":null,\"start\":0}]');
INSERT INTO `log` VALUES (543, 2, '2019-08-19 17:46:29', '0:0:0:0:0:0:0:1', 'com._520it.crm.service.impl.DepartmentServiceImpl@7d0a4c4:PageResult com._520it.crm.service.IDepartmentService.queryForPage(DepartmentQueryObject)', '[{\"page\":1,\"rows\":10,\"keyword\":null,\"start\":0}]');
INSERT INTO `log` VALUES (544, 2, '2019-08-19 17:46:41', '0:0:0:0:0:0:0:1', 'com._520it.crm.service.impl.EmployeeServiceImpl@142e2c9f:List com._520it.crm.service.IEmployeeService.queryRoleByEid(Long)', '[17]');
INSERT INTO `log` VALUES (545, NULL, '2019-08-19 17:47:49', '0:0:0:0:0:0:0:1', 'com._520it.crm.service.impl.EmployeeServiceImpl@573a9fa4:Employee com._520it.crm.service.IEmployeeService.getEmployeeForLogin(String,String)', '[\"test\",\"123\"]');
INSERT INTO `log` VALUES (546, 2, '2019-08-19 17:47:49', '0:0:0:0:0:0:0:1', 'com._520it.crm.service.impl.PermissionServiceImpl@6332e24f:List com._520it.crm.service.IPermissionService.queryResourceByEid(Long)', '[2]');
INSERT INTO `log` VALUES (547, 2, '2019-08-19 17:47:50', '0:0:0:0:0:0:0:1', 'com._520it.crm.service.impl.MenuServiceImpl@79a07daf:List com._520it.crm.service.IMenuService.queryForMenu()', '[]');
INSERT INTO `log` VALUES (548, 2, '2019-08-19 17:47:56', '0:0:0:0:0:0:0:1', 'com._520it.crm.service.impl.PermissionServiceImpl@6332e24f:List com._520it.crm.service.IPermissionService.selectAll()', '[]');
INSERT INTO `log` VALUES (549, 2, '2019-08-19 17:49:09', '0:0:0:0:0:0:0:1', 'com._520it.crm.service.impl.DepartmentServiceImpl@6eed744e:List com._520it.crm.service.IDepartmentService.queryForEmp()', '[]');
INSERT INTO `log` VALUES (550, 2, '2019-08-19 17:49:09', '0:0:0:0:0:0:0:1', 'com._520it.crm.service.impl.RoleServiceImpl@304d0edf:List com._520it.crm.service.IRoleService.selectAll()', '[]');
INSERT INTO `log` VALUES (551, 2, '2019-08-19 17:49:09', '0:0:0:0:0:0:0:1', 'com._520it.crm.service.impl.EmployeeServiceImpl@573a9fa4:PageResult com._520it.crm.service.IEmployeeService.queryForPage(EmployeeQueryObject)', '[{\"page\":1,\"rows\":10,\"keyword\":null,\"start\":0}]');
INSERT INTO `log` VALUES (552, 2, '2019-08-19 17:50:32', '0:0:0:0:0:0:0:1', 'com._520it.crm.service.impl.DepartmentServiceImpl@6eed744e:List com._520it.crm.service.IDepartmentService.queryForEmp()', '[]');
INSERT INTO `log` VALUES (553, 2, '2019-08-19 17:50:32', '0:0:0:0:0:0:0:1', 'com._520it.crm.service.impl.RoleServiceImpl@304d0edf:List com._520it.crm.service.IRoleService.selectAll()', '[]');
INSERT INTO `log` VALUES (554, 2, '2019-08-19 17:50:32', '0:0:0:0:0:0:0:1', 'com._520it.crm.service.impl.EmployeeServiceImpl@573a9fa4:PageResult com._520it.crm.service.IEmployeeService.queryForPage(EmployeeQueryObject)', '[{\"page\":1,\"rows\":10,\"keyword\":null,\"start\":0}]');
INSERT INTO `log` VALUES (555, 2, '2019-08-19 17:50:33', '0:0:0:0:0:0:0:1', 'com._520it.crm.service.impl.DepartmentServiceImpl@6eed744e:PageResult com._520it.crm.service.IDepartmentService.queryForPage(DepartmentQueryObject)', '[{\"page\":1,\"rows\":10,\"keyword\":null,\"start\":0}]');
INSERT INTO `log` VALUES (556, 2, '2019-08-19 17:50:41', '0:0:0:0:0:0:0:1', 'com._520it.crm.service.impl.EmployeeServiceImpl@573a9fa4:Employee com._520it.crm.service.IEmployeeService.getEmployeeForLogin(String,String)', '[\"test\",\"123\"]');
INSERT INTO `log` VALUES (557, 2, '2019-08-19 17:50:41', '0:0:0:0:0:0:0:1', 'com._520it.crm.service.impl.PermissionServiceImpl@6332e24f:List com._520it.crm.service.IPermissionService.queryResourceByEid(Long)', '[2]');
INSERT INTO `log` VALUES (558, 2, '2019-08-19 17:50:41', '0:0:0:0:0:0:0:1', 'com._520it.crm.service.impl.MenuServiceImpl@79a07daf:List com._520it.crm.service.IMenuService.queryForMenu()', '[]');
INSERT INTO `log` VALUES (559, 2, '2019-08-19 17:50:43', '0:0:0:0:0:0:0:1', 'com._520it.crm.service.impl.DepartmentServiceImpl@6eed744e:List com._520it.crm.service.IDepartmentService.queryForEmp()', '[]');
INSERT INTO `log` VALUES (560, 2, '2019-08-19 17:50:43', '0:0:0:0:0:0:0:1', 'com._520it.crm.service.impl.RoleServiceImpl@304d0edf:List com._520it.crm.service.IRoleService.selectAll()', '[]');
INSERT INTO `log` VALUES (561, 2, '2019-08-19 17:50:43', '0:0:0:0:0:0:0:1', 'com._520it.crm.service.impl.EmployeeServiceImpl@573a9fa4:PageResult com._520it.crm.service.IEmployeeService.queryForPage(EmployeeQueryObject)', '[{\"page\":1,\"rows\":10,\"keyword\":null,\"start\":0}]');
INSERT INTO `log` VALUES (562, NULL, '2019-08-19 17:53:42', '0:0:0:0:0:0:0:1', 'com._520it.crm.service.impl.EmployeeServiceImpl@20f0fad7:Employee com._520it.crm.service.IEmployeeService.getEmployeeForLogin(String,String)', '[\"test\",\"123\"]');
INSERT INTO `log` VALUES (563, 2, '2019-08-19 17:53:42', '0:0:0:0:0:0:0:1', 'com._520it.crm.service.impl.PermissionServiceImpl@490b82e6:List com._520it.crm.service.IPermissionService.queryResourceByEid(Long)', '[2]');
INSERT INTO `log` VALUES (564, 2, '2019-08-19 17:53:43', '0:0:0:0:0:0:0:1', 'com._520it.crm.service.impl.MenuServiceImpl@159fb271:List com._520it.crm.service.IMenuService.queryForMenu()', '[]');
INSERT INTO `log` VALUES (565, 2, '2019-08-19 17:53:43', '0:0:0:0:0:0:0:1', 'com._520it.crm.service.impl.PermissionServiceImpl@490b82e6:List com._520it.crm.service.IPermissionService.selectAll()', '[]');
INSERT INTO `log` VALUES (566, 2, '2019-08-19 17:53:53', '0:0:0:0:0:0:0:1', 'com._520it.crm.service.impl.DepartmentServiceImpl@3efab84:List com._520it.crm.service.IDepartmentService.queryForEmp()', '[]');
INSERT INTO `log` VALUES (567, 2, '2019-08-19 17:53:53', '0:0:0:0:0:0:0:1', 'com._520it.crm.service.impl.RoleServiceImpl@7988b5f8:List com._520it.crm.service.IRoleService.selectAll()', '[]');
INSERT INTO `log` VALUES (568, 2, '2019-08-19 17:53:53', '0:0:0:0:0:0:0:1', 'com._520it.crm.service.impl.EmployeeServiceImpl@20f0fad7:PageResult com._520it.crm.service.IEmployeeService.queryForPage(EmployeeQueryObject)', '[{\"page\":1,\"rows\":10,\"keyword\":null,\"start\":0}]');
INSERT INTO `log` VALUES (569, NULL, '2019-08-19 17:57:59', '0:0:0:0:0:0:0:1', 'com._520it.crm.service.impl.EmployeeServiceImpl@7b870632:Employee com._520it.crm.service.IEmployeeService.getEmployeeForLogin(String,String)', '[\"test\",\"123\"]');
INSERT INTO `log` VALUES (570, 2, '2019-08-19 17:57:59', '0:0:0:0:0:0:0:1', 'com._520it.crm.service.impl.PermissionServiceImpl@38cc1354:List com._520it.crm.service.IPermissionService.queryResourceByEid(Long)', '[2]');
INSERT INTO `log` VALUES (571, 2, '2019-08-19 17:57:59', '0:0:0:0:0:0:0:1', 'com._520it.crm.service.impl.MenuServiceImpl@2690251e:List com._520it.crm.service.IMenuService.queryForMenu()', '[]');
INSERT INTO `log` VALUES (572, 2, '2019-08-19 17:57:59', '0:0:0:0:0:0:0:1', 'com._520it.crm.service.impl.PermissionServiceImpl@38cc1354:List com._520it.crm.service.IPermissionService.selectAll()', '[]');
INSERT INTO `log` VALUES (573, 2, '2019-08-19 17:58:02', '0:0:0:0:0:0:0:1', 'com._520it.crm.service.impl.DepartmentServiceImpl@536ebf40:List com._520it.crm.service.IDepartmentService.queryForEmp()', '[]');
INSERT INTO `log` VALUES (574, 2, '2019-08-19 17:58:02', '0:0:0:0:0:0:0:1', 'com._520it.crm.service.impl.RoleServiceImpl@42e91ce9:List com._520it.crm.service.IRoleService.selectAll()', '[]');
INSERT INTO `log` VALUES (575, 2, '2019-08-19 17:58:02', '0:0:0:0:0:0:0:1', 'com._520it.crm.service.impl.EmployeeServiceImpl@7b870632:PageResult com._520it.crm.service.IEmployeeService.queryForPage(EmployeeQueryObject)', '[{\"page\":1,\"rows\":10,\"keyword\":null,\"start\":0}]');
INSERT INTO `log` VALUES (576, NULL, '2019-08-19 18:01:33', '0:0:0:0:0:0:0:1', 'com._520it.crm.service.impl.EmployeeServiceImpl@380e8c43:Employee com._520it.crm.service.IEmployeeService.getEmployeeForLogin(String,String)', '[\"test\",\"123\"]');
INSERT INTO `log` VALUES (577, 2, '2019-08-19 18:01:33', '0:0:0:0:0:0:0:1', 'com._520it.crm.service.impl.PermissionServiceImpl@290e5d2:List com._520it.crm.service.IPermissionService.queryResourceByEid(Long)', '[2]');
INSERT INTO `log` VALUES (578, 2, '2019-08-19 18:01:33', '0:0:0:0:0:0:0:1', 'com._520it.crm.service.impl.MenuServiceImpl@4d6c70e4:List com._520it.crm.service.IMenuService.queryForMenu()', '[]');
INSERT INTO `log` VALUES (579, 2, '2019-08-19 18:01:33', '0:0:0:0:0:0:0:1', 'com._520it.crm.service.impl.PermissionServiceImpl@290e5d2:List com._520it.crm.service.IPermissionService.selectAll()', '[]');
INSERT INTO `log` VALUES (580, 2, '2019-08-19 18:01:35', '0:0:0:0:0:0:0:1', 'com._520it.crm.service.impl.DepartmentServiceImpl@40523eef:List com._520it.crm.service.IDepartmentService.queryForEmp()', '[]');
INSERT INTO `log` VALUES (581, 2, '2019-08-19 18:01:35', '0:0:0:0:0:0:0:1', 'com._520it.crm.service.impl.RoleServiceImpl@675b9b0d:List com._520it.crm.service.IRoleService.selectAll()', '[]');
INSERT INTO `log` VALUES (582, 2, '2019-08-19 18:01:35', '0:0:0:0:0:0:0:1', 'com._520it.crm.service.impl.EmployeeServiceImpl@380e8c43:PageResult com._520it.crm.service.IEmployeeService.queryForPage(EmployeeQueryObject)', '[{\"page\":1,\"rows\":10,\"keyword\":null,\"start\":0}]');
INSERT INTO `log` VALUES (583, NULL, '2019-08-19 18:17:20', '0:0:0:0:0:0:0:1', 'com._520it.crm.service.impl.EmployeeServiceImpl@420e711c:Employee com._520it.crm.service.IEmployeeService.getEmployeeForLogin(String,String)', '[\"admin\",\"123\"]');
INSERT INTO `log` VALUES (584, 1, '2019-08-19 18:17:20', '0:0:0:0:0:0:0:1', 'com._520it.crm.service.impl.PermissionServiceImpl@5f69bc44:List com._520it.crm.service.IPermissionService.queryResourceByEid(Long)', '[1]');
INSERT INTO `log` VALUES (585, 1, '2019-08-19 18:17:20', '0:0:0:0:0:0:0:1', 'com._520it.crm.service.impl.MenuServiceImpl@32600ef1:List com._520it.crm.service.IMenuService.queryForMenu()', '[]');
INSERT INTO `log` VALUES (586, 1, '2019-08-19 18:17:22', '0:0:0:0:0:0:0:1', 'com._520it.crm.service.impl.DepartmentServiceImpl@7ce28d91:List com._520it.crm.service.IDepartmentService.queryForEmp()', '[]');
INSERT INTO `log` VALUES (587, 1, '2019-08-19 18:17:22', '0:0:0:0:0:0:0:1', 'com._520it.crm.service.impl.RoleServiceImpl@56130fa5:List com._520it.crm.service.IRoleService.selectAll()', '[]');
INSERT INTO `log` VALUES (588, 1, '2019-08-19 18:17:23', '0:0:0:0:0:0:0:1', 'com._520it.crm.service.impl.EmployeeServiceImpl@420e711c:PageResult com._520it.crm.service.IEmployeeService.queryForPage(EmployeeQueryObject)', '[{\"page\":1,\"rows\":10,\"keyword\":null,\"start\":0}]');
INSERT INTO `log` VALUES (589, 1, '2019-08-19 18:17:24', '0:0:0:0:0:0:0:1', 'com._520it.crm.service.impl.DepartmentServiceImpl@7ce28d91:PageResult com._520it.crm.service.IDepartmentService.queryForPage(DepartmentQueryObject)', '[{\"page\":1,\"rows\":10,\"keyword\":null,\"start\":0}]');
INSERT INTO `log` VALUES (590, 1, '2019-08-19 18:17:26', '0:0:0:0:0:0:0:1', 'com._520it.crm.service.impl.RoleServiceImpl@56130fa5:PageResult com._520it.crm.service.IRoleService.queryForPage(QueryObject)', '[{\"page\":1,\"rows\":10,\"keyword\":null,\"start\":0}]');
INSERT INTO `log` VALUES (591, 1, '2019-08-19 18:17:26', '0:0:0:0:0:0:0:1', 'com._520it.crm.service.impl.PermissionServiceImpl@5f69bc44:PageResult com._520it.crm.service.IPermissionService.queryForPage(QueryObject)', '[{\"page\":1,\"rows\":10,\"rid\":null,\"start\":0}]');
INSERT INTO `log` VALUES (592, NULL, '2019-08-19 18:29:22', '0:0:0:0:0:0:0:1', 'com._520it.crm.service.impl.EmployeeServiceImpl@7d71ccf2:Employee com._520it.crm.service.IEmployeeService.getEmployeeForLogin(String,String)', '[\"admin\",\"123\"]');
INSERT INTO `log` VALUES (593, 1, '2019-08-19 18:29:22', '0:0:0:0:0:0:0:1', 'com._520it.crm.service.impl.PermissionServiceImpl@35b74d82:List com._520it.crm.service.IPermissionService.queryResourceByEid(Long)', '[1]');
INSERT INTO `log` VALUES (594, 1, '2019-08-19 18:29:22', '0:0:0:0:0:0:0:1', 'com._520it.crm.service.impl.MenuServiceImpl@580505c5:List com._520it.crm.service.IMenuService.queryForMenu()', '[]');
INSERT INTO `log` VALUES (595, 1, '2019-08-19 18:29:23', '0:0:0:0:0:0:0:1', 'com._520it.crm.service.impl.DepartmentServiceImpl@7038c4c1:PageResult com._520it.crm.service.IDepartmentService.queryForPage(DepartmentQueryObject)', '[{\"page\":1,\"rows\":10,\"keyword\":null,\"start\":0}]');
INSERT INTO `log` VALUES (596, 1, '2019-08-19 18:29:24', '0:0:0:0:0:0:0:1', 'com._520it.crm.service.impl.DepartmentServiceImpl@7038c4c1:List com._520it.crm.service.IDepartmentService.queryForEmp()', '[]');
INSERT INTO `log` VALUES (597, 1, '2019-08-19 18:29:24', '0:0:0:0:0:0:0:1', 'com._520it.crm.service.impl.RoleServiceImpl@46cc3ea9:List com._520it.crm.service.IRoleService.selectAll()', '[]');
INSERT INTO `log` VALUES (598, 1, '2019-08-19 18:29:24', '0:0:0:0:0:0:0:1', 'com._520it.crm.service.impl.EmployeeServiceImpl@7d71ccf2:PageResult com._520it.crm.service.IEmployeeService.queryForPage(EmployeeQueryObject)', '[{\"page\":1,\"rows\":10,\"keyword\":null,\"start\":0}]');
INSERT INTO `log` VALUES (599, 1, '2019-08-19 18:29:44', '0:0:0:0:0:0:0:1', 'com._520it.crm.service.impl.RoleServiceImpl@46cc3ea9:PageResult com._520it.crm.service.IRoleService.queryForPage(QueryObject)', '[{\"page\":1,\"rows\":10,\"keyword\":null,\"start\":0}]');
INSERT INTO `log` VALUES (600, 1, '2019-08-19 18:29:44', '0:0:0:0:0:0:0:1', 'com._520it.crm.service.impl.PermissionServiceImpl@35b74d82:PageResult com._520it.crm.service.IPermissionService.queryForPage(QueryObject)', '[{\"page\":1,\"rows\":10,\"rid\":null,\"start\":0}]');
INSERT INTO `log` VALUES (601, NULL, '2019-08-19 18:33:59', '0:0:0:0:0:0:0:1', 'com._520it.crm.service.impl.EmployeeServiceImpl@49c08b3d:Employee com._520it.crm.service.IEmployeeService.getEmployeeForLogin(String,String)', '[\"admin\",\"123\"]');
INSERT INTO `log` VALUES (602, 1, '2019-08-19 18:33:59', '0:0:0:0:0:0:0:1', 'com._520it.crm.service.impl.PermissionServiceImpl@7012621:List com._520it.crm.service.IPermissionService.queryResourceByEid(Long)', '[1]');
INSERT INTO `log` VALUES (603, 1, '2019-08-19 18:33:59', '0:0:0:0:0:0:0:1', 'com._520it.crm.service.impl.MenuServiceImpl@5cb67449:List com._520it.crm.service.IMenuService.queryForMenu()', '[]');
INSERT INTO `log` VALUES (604, NULL, '2019-08-19 18:35:32', '0:0:0:0:0:0:0:1', 'com._520it.crm.service.impl.EmployeeServiceImpl@42c9cefb:Employee com._520it.crm.service.IEmployeeService.getEmployeeForLogin(String,String)', '[\"admin\",\"123\"]');
INSERT INTO `log` VALUES (605, 1, '2019-08-19 18:35:32', '0:0:0:0:0:0:0:1', 'com._520it.crm.service.impl.PermissionServiceImpl@4aed7bd0:List com._520it.crm.service.IPermissionService.queryResourceByEid(Long)', '[1]');
INSERT INTO `log` VALUES (606, 1, '2019-08-19 18:35:32', '0:0:0:0:0:0:0:1', 'com._520it.crm.service.impl.MenuServiceImpl@2e031aa0:List com._520it.crm.service.IMenuService.queryForMenu()', '[]');
INSERT INTO `log` VALUES (607, NULL, '2019-08-19 18:39:35', '0:0:0:0:0:0:0:1', 'com._520it.crm.service.impl.EmployeeServiceImpl@43e6be0b:Employee com._520it.crm.service.IEmployeeService.getEmployeeForLogin(String,String)', '[\"admin\",\"123\"]');
INSERT INTO `log` VALUES (608, 1, '2019-08-19 18:39:35', '0:0:0:0:0:0:0:1', 'com._520it.crm.service.impl.PermissionServiceImpl@7df5b48d:List com._520it.crm.service.IPermissionService.queryResourceByEid(Long)', '[1]');
INSERT INTO `log` VALUES (609, 1, '2019-08-19 18:39:36', '0:0:0:0:0:0:0:1', 'com._520it.crm.service.impl.MenuServiceImpl@1050bd01:List com._520it.crm.service.IMenuService.queryForMenu()', '[]');
INSERT INTO `log` VALUES (610, NULL, '2019-08-19 18:41:07', '0:0:0:0:0:0:0:1', 'com._520it.crm.service.impl.EmployeeServiceImpl@7539977e:Employee com._520it.crm.service.IEmployeeService.getEmployeeForLogin(String,String)', '[\"admin\",\"123\"]');
INSERT INTO `log` VALUES (611, 1, '2019-08-19 18:41:07', '0:0:0:0:0:0:0:1', 'com._520it.crm.service.impl.PermissionServiceImpl@75cbcfb1:List com._520it.crm.service.IPermissionService.queryResourceByEid(Long)', '[1]');
INSERT INTO `log` VALUES (612, 1, '2019-08-19 18:41:07', '0:0:0:0:0:0:0:1', 'com._520it.crm.service.impl.MenuServiceImpl@4a008a8a:List com._520it.crm.service.IMenuService.queryForMenu()', '[]');
INSERT INTO `log` VALUES (613, 1, '2019-08-19 18:41:09', '0:0:0:0:0:0:0:1', 'com._520it.crm.service.impl.DepartmentServiceImpl@243ad737:List com._520it.crm.service.IDepartmentService.queryForEmp()', '[]');
INSERT INTO `log` VALUES (614, 1, '2019-08-19 18:41:09', '0:0:0:0:0:0:0:1', 'com._520it.crm.service.impl.RoleServiceImpl@685b4816:List com._520it.crm.service.IRoleService.selectAll()', '[]');
INSERT INTO `log` VALUES (615, 1, '2019-08-19 18:41:09', '0:0:0:0:0:0:0:1', 'com._520it.crm.service.impl.EmployeeServiceImpl@7539977e:PageResult com._520it.crm.service.IEmployeeService.queryForPage(EmployeeQueryObject)', '[{\"page\":1,\"rows\":10,\"keyword\":null,\"start\":0}]');
INSERT INTO `log` VALUES (616, NULL, '2019-08-20 09:19:17', '0:0:0:0:0:0:0:1', 'com._520it.crm.service.impl.EmployeeServiceImpl@1944506e:Employee com._520it.crm.service.IEmployeeService.getEmployeeForLogin(String,String)', '[\"admin\",\"123\"]');
INSERT INTO `log` VALUES (617, 1, '2019-08-20 09:19:17', '0:0:0:0:0:0:0:1', 'com._520it.crm.service.impl.PermissionServiceImpl@16ecf8da:List com._520it.crm.service.IPermissionService.queryResourceByEid(Long)', '[1]');
INSERT INTO `log` VALUES (618, 1, '2019-08-20 09:19:17', '0:0:0:0:0:0:0:1', 'com._520it.crm.service.impl.MenuServiceImpl@6c5f0de2:List com._520it.crm.service.IMenuService.queryForMenu()', '[]');
INSERT INTO `log` VALUES (619, 1, '2019-08-20 09:19:19', '0:0:0:0:0:0:0:1', 'com._520it.crm.service.impl.DepartmentServiceImpl@4278340d:List com._520it.crm.service.IDepartmentService.queryForEmp()', '[]');
INSERT INTO `log` VALUES (620, 1, '2019-08-20 09:19:19', '0:0:0:0:0:0:0:1', 'com._520it.crm.service.impl.RoleServiceImpl@2d890f99:List com._520it.crm.service.IRoleService.selectAll()', '[]');
INSERT INTO `log` VALUES (621, 1, '2019-08-20 09:19:20', '0:0:0:0:0:0:0:1', 'com._520it.crm.service.impl.EmployeeServiceImpl@1944506e:PageResult com._520it.crm.service.IEmployeeService.queryForPage(EmployeeQueryObject)', '[{\"page\":1,\"rows\":10,\"keyword\":null,\"start\":0}]');
INSERT INTO `log` VALUES (622, 1, '2019-08-20 09:19:29', '0:0:0:0:0:0:0:1', 'com._520it.crm.service.impl.RoleServiceImpl@2d890f99:PageResult com._520it.crm.service.IRoleService.queryForPage(QueryObject)', '[{\"page\":1,\"rows\":10,\"keyword\":null,\"start\":0}]');
INSERT INTO `log` VALUES (623, 1, '2019-08-20 09:19:29', '0:0:0:0:0:0:0:1', 'com._520it.crm.service.impl.PermissionServiceImpl@16ecf8da:PageResult com._520it.crm.service.IPermissionService.queryForPage(QueryObject)', '[{\"page\":1,\"rows\":10,\"rid\":null,\"start\":0}]');
INSERT INTO `log` VALUES (624, NULL, '2019-08-20 09:23:33', '0:0:0:0:0:0:0:1', 'com._520it.crm.service.impl.EmployeeServiceImpl@4c5f6359:Employee com._520it.crm.service.IEmployeeService.getEmployeeForLogin(String,String)', '[\"admin\",\"123\"]');
INSERT INTO `log` VALUES (625, 1, '2019-08-20 09:23:34', '0:0:0:0:0:0:0:1', 'com._520it.crm.service.impl.PermissionServiceImpl@6325a086:List com._520it.crm.service.IPermissionService.queryResourceByEid(Long)', '[1]');
INSERT INTO `log` VALUES (626, 1, '2019-08-20 09:23:34', '0:0:0:0:0:0:0:1', 'com._520it.crm.service.impl.MenuServiceImpl@2947175b:List com._520it.crm.service.IMenuService.queryForMenu()', '[]');
INSERT INTO `log` VALUES (627, NULL, '2019-08-20 09:26:58', '0:0:0:0:0:0:0:1', 'com._520it.crm.service.impl.EmployeeServiceImpl@7561f6c1:Employee com._520it.crm.service.IEmployeeService.getEmployeeForLogin(String,String)', '[\"admin\",\"123\"]');
INSERT INTO `log` VALUES (628, 1, '2019-08-20 09:26:58', '0:0:0:0:0:0:0:1', 'com._520it.crm.service.impl.PermissionServiceImpl@3efc87c5:List com._520it.crm.service.IPermissionService.queryResourceByEid(Long)', '[1]');
INSERT INTO `log` VALUES (629, 1, '2019-08-20 09:26:58', '0:0:0:0:0:0:0:1', 'com._520it.crm.service.impl.MenuServiceImpl@1335c580:List com._520it.crm.service.IMenuService.queryForMenu()', '[]');
INSERT INTO `log` VALUES (630, 1, '2019-08-20 09:27:21', '0:0:0:0:0:0:0:1', 'com._520it.crm.service.impl.DepartmentServiceImpl@726804b6:List com._520it.crm.service.IDepartmentService.queryForEmp()', '[]');
INSERT INTO `log` VALUES (631, 1, '2019-08-20 09:27:21', '0:0:0:0:0:0:0:1', 'com._520it.crm.service.impl.RoleServiceImpl@3af7d0a1:List com._520it.crm.service.IRoleService.selectAll()', '[]');
INSERT INTO `log` VALUES (632, 1, '2019-08-20 09:27:21', '0:0:0:0:0:0:0:1', 'com._520it.crm.service.impl.EmployeeServiceImpl@7561f6c1:PageResult com._520it.crm.service.IEmployeeService.queryForPage(EmployeeQueryObject)', '[{\"page\":1,\"rows\":10,\"keyword\":null,\"start\":0}]');
INSERT INTO `log` VALUES (633, NULL, '2019-08-20 09:28:01', '0:0:0:0:0:0:0:1', 'com._520it.crm.service.impl.EmployeeServiceImpl@7de708b6:Employee com._520it.crm.service.IEmployeeService.getEmployeeForLogin(String,String)', '[\"admin\",\"123\"]');
INSERT INTO `log` VALUES (634, 1, '2019-08-20 09:28:01', '0:0:0:0:0:0:0:1', 'com._520it.crm.service.impl.PermissionServiceImpl@15671bfc:List com._520it.crm.service.IPermissionService.queryResourceByEid(Long)', '[1]');
INSERT INTO `log` VALUES (635, 1, '2019-08-20 09:28:01', '0:0:0:0:0:0:0:1', 'com._520it.crm.service.impl.MenuServiceImpl@141a483c:List com._520it.crm.service.IMenuService.queryForMenu()', '[]');
INSERT INTO `log` VALUES (636, NULL, '2019-08-20 09:29:51', '0:0:0:0:0:0:0:1', 'com._520it.crm.service.impl.EmployeeServiceImpl@5a93d307:Employee com._520it.crm.service.IEmployeeService.getEmployeeForLogin(String,String)', '[\"admin\",\"123\"]');
INSERT INTO `log` VALUES (637, 1, '2019-08-20 09:29:51', '0:0:0:0:0:0:0:1', 'com._520it.crm.service.impl.PermissionServiceImpl@67a393b6:List com._520it.crm.service.IPermissionService.queryResourceByEid(Long)', '[1]');
INSERT INTO `log` VALUES (638, 1, '2019-08-20 09:29:52', '0:0:0:0:0:0:0:1', 'com._520it.crm.service.impl.MenuServiceImpl@40c2a250:List com._520it.crm.service.IMenuService.queryForMenu()', '[]');
INSERT INTO `log` VALUES (639, 1, '2019-08-20 09:29:54', '0:0:0:0:0:0:0:1', 'com._520it.crm.service.impl.DepartmentServiceImpl@1d3f0262:List com._520it.crm.service.IDepartmentService.queryForEmp()', '[]');
INSERT INTO `log` VALUES (640, 1, '2019-08-20 09:29:54', '0:0:0:0:0:0:0:1', 'com._520it.crm.service.impl.RoleServiceImpl@27c870c6:List com._520it.crm.service.IRoleService.selectAll()', '[]');
INSERT INTO `log` VALUES (641, 1, '2019-08-20 09:29:54', '0:0:0:0:0:0:0:1', 'com._520it.crm.service.impl.EmployeeServiceImpl@5a93d307:PageResult com._520it.crm.service.IEmployeeService.queryForPage(EmployeeQueryObject)', '[{\"page\":1,\"rows\":10,\"keyword\":null,\"start\":0}]');
INSERT INTO `log` VALUES (642, NULL, '2019-08-20 09:32:46', '0:0:0:0:0:0:0:1', 'com._520it.crm.service.impl.EmployeeServiceImpl@4af26f1c:Employee com._520it.crm.service.IEmployeeService.getEmployeeForLogin(String,String)', '[\"admin\",\"123\"]');
INSERT INTO `log` VALUES (643, 1, '2019-08-20 09:32:46', '0:0:0:0:0:0:0:1', 'com._520it.crm.service.impl.PermissionServiceImpl@676a4e6d:List com._520it.crm.service.IPermissionService.queryResourceByEid(Long)', '[1]');
INSERT INTO `log` VALUES (644, 1, '2019-08-20 09:32:47', '0:0:0:0:0:0:0:1', 'com._520it.crm.service.impl.MenuServiceImpl@4fbbe739:List com._520it.crm.service.IMenuService.queryForMenu()', '[]');
INSERT INTO `log` VALUES (645, NULL, '2019-08-20 09:36:10', '0:0:0:0:0:0:0:1', 'com._520it.crm.service.impl.EmployeeServiceImpl@4ad51cef:Employee com._520it.crm.service.IEmployeeService.getEmployeeForLogin(String,String)', '[\"admin\",\"123\"]');
INSERT INTO `log` VALUES (646, 1, '2019-08-20 09:36:10', '0:0:0:0:0:0:0:1', 'com._520it.crm.service.impl.PermissionServiceImpl@20c4075b:List com._520it.crm.service.IPermissionService.queryResourceByEid(Long)', '[1]');
INSERT INTO `log` VALUES (647, 1, '2019-08-20 09:36:10', '0:0:0:0:0:0:0:1', 'com._520it.crm.service.impl.MenuServiceImpl@1acfdc6e:List com._520it.crm.service.IMenuService.queryForMenu()', '[]');
INSERT INTO `log` VALUES (648, 1, '2019-08-20 09:36:12', '0:0:0:0:0:0:0:1', 'com._520it.crm.service.impl.DepartmentServiceImpl@66135d6d:List com._520it.crm.service.IDepartmentService.queryForEmp()', '[]');
INSERT INTO `log` VALUES (649, 1, '2019-08-20 09:36:12', '0:0:0:0:0:0:0:1', 'com._520it.crm.service.impl.RoleServiceImpl@1ba40655:List com._520it.crm.service.IRoleService.selectAll()', '[]');
INSERT INTO `log` VALUES (650, 1, '2019-08-20 09:36:12', '0:0:0:0:0:0:0:1', 'com._520it.crm.service.impl.EmployeeServiceImpl@4ad51cef:PageResult com._520it.crm.service.IEmployeeService.queryForPage(EmployeeQueryObject)', '[{\"page\":1,\"rows\":10,\"keyword\":null,\"start\":0}]');
INSERT INTO `log` VALUES (651, NULL, '2019-08-20 09:38:13', '0:0:0:0:0:0:0:1', 'com._520it.crm.service.impl.EmployeeServiceImpl@3ac794dc:Employee com._520it.crm.service.IEmployeeService.getEmployeeForLogin(String,String)', '[\"admin\",\"123\"]');
INSERT INTO `log` VALUES (652, 1, '2019-08-20 09:38:13', '0:0:0:0:0:0:0:1', 'com._520it.crm.service.impl.PermissionServiceImpl@d823142:List com._520it.crm.service.IPermissionService.queryResourceByEid(Long)', '[1]');
INSERT INTO `log` VALUES (653, 1, '2019-08-20 09:38:13', '0:0:0:0:0:0:0:1', 'com._520it.crm.service.impl.MenuServiceImpl@1563e2c9:List com._520it.crm.service.IMenuService.queryForMenu()', '[]');
INSERT INTO `log` VALUES (654, 1, '2019-08-20 09:38:16', '0:0:0:0:0:0:0:1', 'com._520it.crm.service.impl.DepartmentServiceImpl@525d515f:List com._520it.crm.service.IDepartmentService.queryForEmp()', '[]');
INSERT INTO `log` VALUES (655, 1, '2019-08-20 09:38:16', '0:0:0:0:0:0:0:1', 'com._520it.crm.service.impl.RoleServiceImpl@386650bf:List com._520it.crm.service.IRoleService.selectAll()', '[]');
INSERT INTO `log` VALUES (656, 1, '2019-08-20 09:38:16', '0:0:0:0:0:0:0:1', 'com._520it.crm.service.impl.EmployeeServiceImpl@3ac794dc:PageResult com._520it.crm.service.IEmployeeService.queryForPage(EmployeeQueryObject)', '[{\"page\":1,\"rows\":10,\"keyword\":null,\"start\":0}]');
INSERT INTO `log` VALUES (657, NULL, '2019-08-20 09:40:14', '0:0:0:0:0:0:0:1', 'com._520it.crm.service.impl.EmployeeServiceImpl@72328953:Employee com._520it.crm.service.IEmployeeService.getEmployeeForLogin(String,String)', '[\"admin\",\"123\"]');
INSERT INTO `log` VALUES (658, 1, '2019-08-20 09:40:14', '0:0:0:0:0:0:0:1', 'com._520it.crm.service.impl.PermissionServiceImpl@76be202a:List com._520it.crm.service.IPermissionService.queryResourceByEid(Long)', '[1]');
INSERT INTO `log` VALUES (659, 1, '2019-08-20 09:40:14', '0:0:0:0:0:0:0:1', 'com._520it.crm.service.impl.MenuServiceImpl@75f26344:List com._520it.crm.service.IMenuService.queryForMenu()', '[]');
INSERT INTO `log` VALUES (660, 1, '2019-08-20 09:40:16', '0:0:0:0:0:0:0:1', 'com._520it.crm.service.impl.DepartmentServiceImpl@1ef0ff2d:List com._520it.crm.service.IDepartmentService.queryForEmp()', '[]');
INSERT INTO `log` VALUES (661, 1, '2019-08-20 09:40:16', '0:0:0:0:0:0:0:1', 'com._520it.crm.service.impl.RoleServiceImpl@4756898d:List com._520it.crm.service.IRoleService.selectAll()', '[]');
INSERT INTO `log` VALUES (662, 1, '2019-08-20 09:40:17', '0:0:0:0:0:0:0:1', 'com._520it.crm.service.impl.EmployeeServiceImpl@72328953:PageResult com._520it.crm.service.IEmployeeService.queryForPage(EmployeeQueryObject)', '[{\"page\":1,\"rows\":10,\"keyword\":null,\"start\":0}]');
INSERT INTO `log` VALUES (663, NULL, '2019-08-20 09:42:33', '0:0:0:0:0:0:0:1', 'com._520it.crm.service.impl.EmployeeServiceImpl@339ba2b7:Employee com._520it.crm.service.IEmployeeService.getEmployeeForLogin(String,String)', '[\"admin\",\"123\"]');
INSERT INTO `log` VALUES (664, 1, '2019-08-20 09:42:33', '0:0:0:0:0:0:0:1', 'com._520it.crm.service.impl.PermissionServiceImpl@2a5bd652:List com._520it.crm.service.IPermissionService.queryResourceByEid(Long)', '[1]');
INSERT INTO `log` VALUES (665, 1, '2019-08-20 09:42:33', '0:0:0:0:0:0:0:1', 'com._520it.crm.service.impl.MenuServiceImpl@55c347d0:List com._520it.crm.service.IMenuService.queryForMenu()', '[]');
INSERT INTO `log` VALUES (666, 1, '2019-08-20 09:42:34', '0:0:0:0:0:0:0:1', 'com._520it.crm.service.impl.DepartmentServiceImpl@545e4c01:List com._520it.crm.service.IDepartmentService.queryForEmp()', '[]');
INSERT INTO `log` VALUES (667, 1, '2019-08-20 09:42:34', '0:0:0:0:0:0:0:1', 'com._520it.crm.service.impl.RoleServiceImpl@2fca5157:List com._520it.crm.service.IRoleService.selectAll()', '[]');
INSERT INTO `log` VALUES (668, 1, '2019-08-20 09:42:34', '0:0:0:0:0:0:0:1', 'com._520it.crm.service.impl.EmployeeServiceImpl@339ba2b7:PageResult com._520it.crm.service.IEmployeeService.queryForPage(EmployeeQueryObject)', '[{\"page\":1,\"rows\":10,\"keyword\":null,\"start\":0}]');
INSERT INTO `log` VALUES (669, 1, '2019-08-20 09:42:36', '0:0:0:0:0:0:0:1', 'com._520it.crm.service.impl.DepartmentServiceImpl@545e4c01:PageResult com._520it.crm.service.IDepartmentService.queryForPage(DepartmentQueryObject)', '[{\"page\":1,\"rows\":10,\"keyword\":null,\"start\":0}]');
INSERT INTO `log` VALUES (670, 1, '2019-08-20 09:42:37', '0:0:0:0:0:0:0:1', 'com._520it.crm.service.impl.RoleServiceImpl@2fca5157:PageResult com._520it.crm.service.IRoleService.queryForPage(QueryObject)', '[{\"page\":1,\"rows\":10,\"keyword\":null,\"start\":0}]');
INSERT INTO `log` VALUES (671, 1, '2019-08-20 09:42:37', '0:0:0:0:0:0:0:1', 'com._520it.crm.service.impl.PermissionServiceImpl@2a5bd652:PageResult com._520it.crm.service.IPermissionService.queryForPage(QueryObject)', '[{\"page\":1,\"rows\":10,\"rid\":null,\"start\":0}]');
INSERT INTO `log` VALUES (672, NULL, '2019-08-20 10:15:58', '0:0:0:0:0:0:0:1', 'com._520it.crm.service.impl.EmployeeServiceImpl@60788a94:Employee com._520it.crm.service.IEmployeeService.getEmployeeForLogin(String,String)', '[\"admin\",\"123\"]');
INSERT INTO `log` VALUES (673, 1, '2019-08-20 10:15:58', '0:0:0:0:0:0:0:1', 'com._520it.crm.service.impl.PermissionServiceImpl@3f65de21:List com._520it.crm.service.IPermissionService.queryResourceByEid(Long)', '[1]');
INSERT INTO `log` VALUES (674, 1, '2019-08-20 10:15:58', '0:0:0:0:0:0:0:1', 'com._520it.crm.service.impl.MenuServiceImpl@4ed0d483:List com._520it.crm.service.IMenuService.queryForMenu()', '[]');
INSERT INTO `log` VALUES (675, 1, '2019-08-20 10:16:01', '0:0:0:0:0:0:0:1', 'com._520it.crm.service.impl.DepartmentServiceImpl@2fbd1d33:List com._520it.crm.service.IDepartmentService.queryForEmp()', '[]');
INSERT INTO `log` VALUES (676, 1, '2019-08-20 10:16:01', '0:0:0:0:0:0:0:1', 'com._520it.crm.service.impl.RoleServiceImpl@2bf88508:List com._520it.crm.service.IRoleService.selectAll()', '[]');
INSERT INTO `log` VALUES (677, 1, '2019-08-20 10:16:01', '0:0:0:0:0:0:0:1', 'com._520it.crm.service.impl.EmployeeServiceImpl@60788a94:PageResult com._520it.crm.service.IEmployeeService.queryForPage(EmployeeQueryObject)', '[{\"page\":1,\"rows\":10,\"keyword\":null,\"start\":0}]');
INSERT INTO `log` VALUES (678, 1, '2019-08-20 10:17:19', '0:0:0:0:0:0:0:1', 'com._520it.crm.service.impl.DepartmentServiceImpl@2fbd1d33:List com._520it.crm.service.IDepartmentService.queryForEmp()', '[]');
INSERT INTO `log` VALUES (679, 1, '2019-08-20 10:17:19', '0:0:0:0:0:0:0:1', 'com._520it.crm.service.impl.RoleServiceImpl@2bf88508:List com._520it.crm.service.IRoleService.selectAll()', '[]');
INSERT INTO `log` VALUES (680, 1, '2019-08-20 10:17:19', '0:0:0:0:0:0:0:1', 'com._520it.crm.service.impl.EmployeeServiceImpl@60788a94:PageResult com._520it.crm.service.IEmployeeService.queryForPage(EmployeeQueryObject)', '[{\"page\":1,\"rows\":10,\"keyword\":null,\"start\":0}]');
INSERT INTO `log` VALUES (681, 1, '2019-08-20 10:17:27', '0:0:0:0:0:0:0:1', 'com._520it.crm.service.impl.RoleServiceImpl@2bf88508:PageResult com._520it.crm.service.IRoleService.queryForPage(QueryObject)', '[{\"page\":1,\"rows\":10,\"keyword\":null,\"start\":0}]');
INSERT INTO `log` VALUES (682, 1, '2019-08-20 10:17:27', '0:0:0:0:0:0:0:1', 'com._520it.crm.service.impl.PermissionServiceImpl@3f65de21:PageResult com._520it.crm.service.IPermissionService.queryForPage(QueryObject)', '[{\"page\":1,\"rows\":10,\"rid\":null,\"start\":0}]');
INSERT INTO `log` VALUES (683, 1, '2019-08-20 10:17:31', '0:0:0:0:0:0:0:1', 'com._520it.crm.service.impl.PermissionServiceImpl@3f65de21:PageResult com._520it.crm.service.IPermissionService.queryForPage(QueryObject)', '[{\"page\":1,\"rows\":10,\"rid\":7,\"start\":0}]');
INSERT INTO `log` VALUES (684, 1, '2019-08-20 10:18:04', '0:0:0:0:0:0:0:1', 'com._520it.crm.service.impl.RoleServiceImpl@2bf88508:PageResult com._520it.crm.service.IRoleService.queryForPage(QueryObject)', '[{\"page\":1,\"rows\":1,\"keyword\":null,\"start\":0}]');
INSERT INTO `log` VALUES (685, 1, '2019-08-20 10:18:06', '0:0:0:0:0:0:0:1', 'com._520it.crm.service.impl.RoleServiceImpl@2bf88508:PageResult com._520it.crm.service.IRoleService.queryForPage(QueryObject)', '[{\"page\":2,\"rows\":1,\"keyword\":null,\"start\":1}]');
INSERT INTO `log` VALUES (686, 1, '2019-08-20 10:18:06', '0:0:0:0:0:0:0:1', 'com._520it.crm.service.impl.RoleServiceImpl@2bf88508:PageResult com._520it.crm.service.IRoleService.queryForPage(QueryObject)', '[{\"page\":3,\"rows\":1,\"keyword\":null,\"start\":2}]');
INSERT INTO `log` VALUES (687, 1, '2019-08-20 10:18:09', '0:0:0:0:0:0:0:1', 'com._520it.crm.service.impl.RoleServiceImpl@2bf88508:PageResult com._520it.crm.service.IRoleService.queryForPage(QueryObject)', '[{\"page\":2,\"rows\":1,\"keyword\":null,\"start\":1}]');
INSERT INTO `log` VALUES (688, 1, '2019-08-20 10:18:09', '0:0:0:0:0:0:0:1', 'com._520it.crm.service.impl.RoleServiceImpl@2bf88508:PageResult com._520it.crm.service.IRoleService.queryForPage(QueryObject)', '[{\"page\":1,\"rows\":1,\"keyword\":null,\"start\":0}]');
INSERT INTO `log` VALUES (689, 1, '2019-08-20 10:18:13', '0:0:0:0:0:0:0:1', 'com._520it.crm.service.impl.DepartmentServiceImpl@2fbd1d33:PageResult com._520it.crm.service.IDepartmentService.queryForPage(DepartmentQueryObject)', '[{\"page\":1,\"rows\":10,\"keyword\":null,\"start\":0}]');
INSERT INTO `log` VALUES (691, NULL, '2019-08-20 10:21:03', '0:0:0:0:0:0:0:1', 'com._520it.crm.service.impl.EmployeeServiceImpl@4c78a8ba:Employee com._520it.crm.service.IEmployeeService.getEmployeeForLogin(String,String)', '[\"admin\",\"123\"]');
INSERT INTO `log` VALUES (692, 1, '2019-08-20 10:21:03', '0:0:0:0:0:0:0:1', 'com._520it.crm.service.impl.PermissionServiceImpl@5da5ffa9:List com._520it.crm.service.IPermissionService.queryResourceByEid(Long)', '[1]');
INSERT INTO `log` VALUES (693, 1, '2019-08-20 10:21:03', '0:0:0:0:0:0:0:1', 'com._520it.crm.service.impl.MenuServiceImpl@6af3c6c8:List com._520it.crm.service.IMenuService.queryForMenu()', '[]');
INSERT INTO `log` VALUES (694, 1, '2019-08-20 10:21:05', '0:0:0:0:0:0:0:1', 'com._520it.crm.service.impl.RoleServiceImpl@7827442c:PageResult com._520it.crm.service.IRoleService.queryForPage(QueryObject)', '[{\"page\":1,\"rows\":10,\"keyword\":null,\"start\":0}]');
INSERT INTO `log` VALUES (695, 1, '2019-08-20 10:21:05', '0:0:0:0:0:0:0:1', 'com._520it.crm.service.impl.PermissionServiceImpl@5da5ffa9:PageResult com._520it.crm.service.IPermissionService.queryForPage(QueryObject)', '[{\"page\":1,\"rows\":10,\"rid\":null,\"start\":0}]');
INSERT INTO `log` VALUES (696, 1, '2019-08-20 10:21:06', '0:0:0:0:0:0:0:1', 'com._520it.crm.service.impl.DepartmentServiceImpl@10a2fc26:PageResult com._520it.crm.service.IDepartmentService.queryForPage(DepartmentQueryObject)', '[{\"page\":1,\"rows\":10,\"keyword\":null,\"start\":0}]');
INSERT INTO `log` VALUES (697, NULL, '2019-08-20 10:22:25', '0:0:0:0:0:0:0:1', 'com._520it.crm.service.impl.EmployeeServiceImpl@465e00ab:Employee com._520it.crm.service.IEmployeeService.getEmployeeForLogin(String,String)', '[\"admin\",\"123\"]');
INSERT INTO `log` VALUES (698, 1, '2019-08-20 10:22:25', '0:0:0:0:0:0:0:1', 'com._520it.crm.service.impl.PermissionServiceImpl@25e14309:List com._520it.crm.service.IPermissionService.queryResourceByEid(Long)', '[1]');
INSERT INTO `log` VALUES (699, 1, '2019-08-20 10:22:25', '0:0:0:0:0:0:0:1', 'com._520it.crm.service.impl.MenuServiceImpl@2a496f5:List com._520it.crm.service.IMenuService.queryForMenu()', '[]');
INSERT INTO `log` VALUES (700, 1, '2019-08-20 10:22:28', '0:0:0:0:0:0:0:1', 'com._520it.crm.service.impl.DepartmentServiceImpl@374765b5:PageResult com._520it.crm.service.IDepartmentService.queryForPage(DepartmentQueryObject)', '[{\"page\":1,\"rows\":10,\"keyword\":null,\"start\":0}]');
INSERT INTO `log` VALUES (701, 1, '2019-08-20 10:22:34', '0:0:0:0:0:0:0:1', 'com._520it.crm.service.impl.DepartmentServiceImpl@374765b5:PageResult com._520it.crm.service.IDepartmentService.queryForPage(DepartmentQueryObject)', '[{\"page\":1,\"rows\":10,\"keyword\":null,\"start\":0}]');
INSERT INTO `log` VALUES (702, 1, '2019-08-20 10:22:45', '0:0:0:0:0:0:0:1', 'com._520it.crm.service.impl.DepartmentServiceImpl@374765b5:PageResult com._520it.crm.service.IDepartmentService.queryForPage(DepartmentQueryObject)', '[{\"page\":1,\"rows\":10,\"keyword\":\"\",\"start\":0}]');
INSERT INTO `log` VALUES (705, NULL, '2019-08-20 10:23:58', '0:0:0:0:0:0:0:1', 'com._520it.crm.service.impl.EmployeeServiceImpl@76fa1da0:Employee com._520it.crm.service.IEmployeeService.getEmployeeForLogin(String,String)', '[\"admin\",\"123\"]');
INSERT INTO `log` VALUES (706, 1, '2019-08-20 10:23:58', '0:0:0:0:0:0:0:1', 'com._520it.crm.service.impl.PermissionServiceImpl@6ae451cf:List com._520it.crm.service.IPermissionService.queryResourceByEid(Long)', '[1]');
INSERT INTO `log` VALUES (707, 1, '2019-08-20 10:23:58', '0:0:0:0:0:0:0:1', 'com._520it.crm.service.impl.MenuServiceImpl@432fa5a9:List com._520it.crm.service.IMenuService.queryForMenu()', '[]');
INSERT INTO `log` VALUES (708, 1, '2019-08-20 10:24:00', '0:0:0:0:0:0:0:1', 'com._520it.crm.service.impl.DepartmentServiceImpl@283d6caf:PageResult com._520it.crm.service.IDepartmentService.queryForPage(DepartmentQueryObject)', '[{\"page\":1,\"rows\":10,\"keyword\":null,\"start\":0}]');
INSERT INTO `log` VALUES (710, 1, '2019-08-20 10:27:51', '0:0:0:0:0:0:0:1', 'com._520it.crm.service.impl.DepartmentServiceImpl@283d6caf:int com._520it.crm.service.IDepartmentService.insert(Department)', '[{\"id\":3,\"sn\":\"business\",\"name\":\"业务部\",\"manager\":null,\"parent\":null,\"state\":null}]');
INSERT INTO `log` VALUES (711, 1, '2019-08-20 10:27:53', '0:0:0:0:0:0:0:1', 'com._520it.crm.service.impl.DepartmentServiceImpl@283d6caf:PageResult com._520it.crm.service.IDepartmentService.queryForPage(DepartmentQueryObject)', '[{\"page\":1,\"rows\":10,\"keyword\":null,\"start\":0}]');
INSERT INTO `log` VALUES (712, 1, '2019-08-20 10:29:25', '0:0:0:0:0:0:0:1', 'com._520it.crm.service.impl.DepartmentServiceImpl@283d6caf:PageResult com._520it.crm.service.IDepartmentService.queryForPage(DepartmentQueryObject)', '[{\"page\":1,\"rows\":10,\"keyword\":null,\"start\":0}]');
INSERT INTO `log` VALUES (713, NULL, '2019-08-20 10:29:40', '0:0:0:0:0:0:0:1', 'com._520it.crm.service.impl.EmployeeServiceImpl@5a93d307:Employee com._520it.crm.service.IEmployeeService.getEmployeeForLogin(String,String)', '[\"admin\",\"123\"]');
INSERT INTO `log` VALUES (714, 1, '2019-08-20 10:29:40', '0:0:0:0:0:0:0:1', 'com._520it.crm.service.impl.PermissionServiceImpl@67a393b6:List com._520it.crm.service.IPermissionService.queryResourceByEid(Long)', '[1]');
INSERT INTO `log` VALUES (715, 1, '2019-08-20 10:29:41', '0:0:0:0:0:0:0:1', 'com._520it.crm.service.impl.MenuServiceImpl@40c2a250:List com._520it.crm.service.IMenuService.queryForMenu()', '[]');
INSERT INTO `log` VALUES (716, 1, '2019-08-20 10:29:42', '0:0:0:0:0:0:0:1', 'com._520it.crm.service.impl.DepartmentServiceImpl@75ba402a:PageResult com._520it.crm.service.IDepartmentService.queryForPage(DepartmentQueryObject)', '[{\"page\":1,\"rows\":10,\"keyword\":null,\"start\":0}]');
INSERT INTO `log` VALUES (717, NULL, '2019-08-20 10:30:50', '0:0:0:0:0:0:0:1', 'com._520it.crm.service.impl.EmployeeServiceImpl@5a93d307:Employee com._520it.crm.service.IEmployeeService.getEmployeeForLogin(String,String)', '[\"admin\",\"123\"]');
INSERT INTO `log` VALUES (718, 1, '2019-08-20 10:30:50', '0:0:0:0:0:0:0:1', 'com._520it.crm.service.impl.PermissionServiceImpl@67a393b6:List com._520it.crm.service.IPermissionService.queryResourceByEid(Long)', '[1]');
INSERT INTO `log` VALUES (719, 1, '2019-08-20 10:30:50', '0:0:0:0:0:0:0:1', 'com._520it.crm.service.impl.MenuServiceImpl@40c2a250:List com._520it.crm.service.IMenuService.queryForMenu()', '[]');
INSERT INTO `log` VALUES (720, 1, '2019-08-20 10:30:52', '0:0:0:0:0:0:0:1', 'com._520it.crm.service.impl.DepartmentServiceImpl@75ba402a:PageResult com._520it.crm.service.IDepartmentService.queryForPage(DepartmentQueryObject)', '[{\"page\":1,\"rows\":10,\"keyword\":null,\"start\":0}]');
INSERT INTO `log` VALUES (721, 1, '2019-08-20 10:31:01', '0:0:0:0:0:0:0:1', 'com._520it.crm.service.impl.DepartmentServiceImpl@75ba402a:int com._520it.crm.service.IDepartmentService.updateByPrimaryKey(Department)', '[{\"id\":3,\"sn\":\"business\",\"name\":\"业务\",\"manager\":null,\"parent\":null,\"state\":null}]');
INSERT INTO `log` VALUES (722, 1, '2019-08-20 10:31:03', '0:0:0:0:0:0:0:1', 'com._520it.crm.service.impl.DepartmentServiceImpl@75ba402a:PageResult com._520it.crm.service.IDepartmentService.queryForPage(DepartmentQueryObject)', '[{\"page\":1,\"rows\":10,\"keyword\":null,\"start\":0}]');
INSERT INTO `log` VALUES (723, 1, '2019-08-20 10:31:12', '0:0:0:0:0:0:0:1', 'com._520it.crm.service.impl.DepartmentServiceImpl@75ba402a:PageResult com._520it.crm.service.IDepartmentService.queryForPage(DepartmentQueryObject)', '[{\"page\":1,\"rows\":10,\"keyword\":null,\"start\":0}]');
INSERT INTO `log` VALUES (724, NULL, '2019-08-20 10:32:19', '0:0:0:0:0:0:0:1', 'com._520it.crm.service.impl.EmployeeServiceImpl@1835be16:Employee com._520it.crm.service.IEmployeeService.getEmployeeForLogin(String,String)', '[\"admin\",\"123\"]');
INSERT INTO `log` VALUES (725, 1, '2019-08-20 10:32:19', '0:0:0:0:0:0:0:1', 'com._520it.crm.service.impl.PermissionServiceImpl@25dc2e1d:List com._520it.crm.service.IPermissionService.queryResourceByEid(Long)', '[1]');
INSERT INTO `log` VALUES (726, 1, '2019-08-20 10:32:19', '0:0:0:0:0:0:0:1', 'com._520it.crm.service.impl.MenuServiceImpl@468ef56a:List com._520it.crm.service.IMenuService.queryForMenu()', '[]');
INSERT INTO `log` VALUES (727, 1, '2019-08-20 10:32:21', '0:0:0:0:0:0:0:1', 'com._520it.crm.service.impl.DepartmentServiceImpl@45b10ad9:PageResult com._520it.crm.service.IDepartmentService.queryForPage(DepartmentQueryObject)', '[{\"page\":1,\"rows\":10,\"keyword\":null,\"start\":0}]');
INSERT INTO `log` VALUES (728, 1, '2019-08-20 10:32:28', '0:0:0:0:0:0:0:1', 'com._520it.crm.service.impl.DepartmentServiceImpl@45b10ad9:int com._520it.crm.service.IDepartmentService.updateByPrimaryKey(Department)', '[{\"id\":1,\"sn\":\"bos\",\"name\":\"总经办\",\"manager\":null,\"parent\":null,\"state\":null}]');
INSERT INTO `log` VALUES (729, 1, '2019-08-20 10:32:29', '0:0:0:0:0:0:0:1', 'com._520it.crm.service.impl.DepartmentServiceImpl@45b10ad9:PageResult com._520it.crm.service.IDepartmentService.queryForPage(DepartmentQueryObject)', '[{\"page\":1,\"rows\":10,\"keyword\":null,\"start\":0}]');
INSERT INTO `log` VALUES (730, 1, '2019-08-20 10:32:34', '0:0:0:0:0:0:0:1', 'com._520it.crm.service.impl.DepartmentServiceImpl@45b10ad9:int com._520it.crm.service.IDepartmentService.updateState(Long)', '[2]');
INSERT INTO `log` VALUES (731, 1, '2019-08-20 10:32:35', '0:0:0:0:0:0:0:1', 'com._520it.crm.service.impl.DepartmentServiceImpl@45b10ad9:PageResult com._520it.crm.service.IDepartmentService.queryForPage(DepartmentQueryObject)', '[{\"page\":1,\"rows\":10,\"keyword\":null,\"start\":0}]');
INSERT INTO `log` VALUES (732, 1, '2019-08-20 10:32:37', '0:0:0:0:0:0:0:1', 'com._520it.crm.service.impl.DepartmentServiceImpl@45b10ad9:PageResult com._520it.crm.service.IDepartmentService.queryForPage(DepartmentQueryObject)', '[{\"page\":1,\"rows\":10,\"keyword\":null,\"start\":0}]');
INSERT INTO `log` VALUES (733, 1, '2019-08-20 10:32:40', '0:0:0:0:0:0:0:1', 'com._520it.crm.service.impl.DepartmentServiceImpl@45b10ad9:PageResult com._520it.crm.service.IDepartmentService.queryForPage(DepartmentQueryObject)', '[{\"page\":1,\"rows\":10,\"keyword\":\"boss\",\"start\":0}]');
INSERT INTO `log` VALUES (734, 1, '2019-08-20 10:32:43', '0:0:0:0:0:0:0:1', 'com._520it.crm.service.impl.RoleServiceImpl@6a715301:PageResult com._520it.crm.service.IRoleService.queryForPage(QueryObject)', '[{\"page\":1,\"rows\":10,\"keyword\":null,\"start\":0}]');
INSERT INTO `log` VALUES (735, 1, '2019-08-20 10:32:43', '0:0:0:0:0:0:0:1', 'com._520it.crm.service.impl.PermissionServiceImpl@25dc2e1d:PageResult com._520it.crm.service.IPermissionService.queryForPage(QueryObject)', '[{\"page\":1,\"rows\":10,\"rid\":null,\"start\":0}]');
INSERT INTO `log` VALUES (736, 1, '2019-08-20 10:32:55', '0:0:0:0:0:0:0:1', 'com._520it.crm.service.impl.PermissionServiceImpl@25dc2e1d:PageResult com._520it.crm.service.IPermissionService.queryForPage(QueryObject)', '[{\"page\":1,\"rows\":10,\"rid\":7,\"start\":0}]');
INSERT INTO `log` VALUES (737, 1, '2019-08-20 10:33:02', '0:0:0:0:0:0:0:1', 'com._520it.crm.service.impl.RoleServiceImpl@6a715301:PageResult com._520it.crm.service.IRoleService.queryForPage(QueryObject)', '[{\"page\":1,\"rows\":10,\"keyword\":null,\"start\":0}]');
INSERT INTO `log` VALUES (738, 1, '2019-08-20 10:33:10', '0:0:0:0:0:0:0:1', 'com._520it.crm.service.impl.RoleServiceImpl@6a715301:PageResult com._520it.crm.service.IRoleService.queryForPage(QueryObject)', '[{\"page\":1,\"rows\":10,\"keyword\":null,\"start\":0}]');
INSERT INTO `log` VALUES (739, 1, '2019-08-20 10:33:11', '0:0:0:0:0:0:0:1', 'com._520it.crm.service.impl.DepartmentServiceImpl@45b10ad9:List com._520it.crm.service.IDepartmentService.queryForEmp()', '[]');
INSERT INTO `log` VALUES (740, 1, '2019-08-20 10:33:11', '0:0:0:0:0:0:0:1', 'com._520it.crm.service.impl.RoleServiceImpl@6a715301:List com._520it.crm.service.IRoleService.selectAll()', '[]');
INSERT INTO `log` VALUES (741, 1, '2019-08-20 10:33:11', '0:0:0:0:0:0:0:1', 'com._520it.crm.service.impl.EmployeeServiceImpl@1835be16:PageResult com._520it.crm.service.IEmployeeService.queryForPage(EmployeeQueryObject)', '[{\"page\":1,\"rows\":10,\"keyword\":null,\"start\":0}]');
INSERT INTO `log` VALUES (742, NULL, '2019-08-20 10:46:53', '0:0:0:0:0:0:0:1', 'com._520it.crm.service.impl.EmployeeServiceImpl@b56959a:Employee com._520it.crm.service.IEmployeeService.getEmployeeForLogin(String,String)', '[\"admin\",\"123\"]');
INSERT INTO `log` VALUES (743, 1, '2019-08-20 10:46:54', '0:0:0:0:0:0:0:1', 'com._520it.crm.service.impl.PermissionServiceImpl@4ccbba54:List com._520it.crm.service.IPermissionService.queryResourceByEid(Long)', '[1]');
INSERT INTO `log` VALUES (744, 1, '2019-08-20 10:46:54', '0:0:0:0:0:0:0:1', 'com._520it.crm.service.impl.MenuServiceImpl@4b9de1f1:List com._520it.crm.service.IMenuService.queryForMenu()', '[]');
INSERT INTO `log` VALUES (745, 1, '2019-08-20 10:46:56', '0:0:0:0:0:0:0:1', 'com._520it.crm.service.impl.RoleServiceImpl@270ed41a:PageResult com._520it.crm.service.IRoleService.queryForPage(QueryObject)', '[{\"page\":1,\"rows\":10,\"keyword\":null,\"start\":0}]');
INSERT INTO `log` VALUES (746, 1, '2019-08-20 10:46:56', '0:0:0:0:0:0:0:1', 'com._520it.crm.service.impl.PermissionServiceImpl@4ccbba54:PageResult com._520it.crm.service.IPermissionService.queryForPage(QueryObject)', '[{\"page\":1,\"rows\":10,\"rid\":null,\"start\":0}]');
INSERT INTO `log` VALUES (747, 1, '2019-08-20 10:46:59', '0:0:0:0:0:0:0:1', 'com._520it.crm.service.impl.PermissionServiceImpl@4ccbba54:PageResult com._520it.crm.service.IPermissionService.queryForPage(QueryObject)', '[{\"page\":1,\"rows\":10,\"rid\":6,\"start\":0}]');
INSERT INTO `log` VALUES (748, 1, '2019-08-20 10:47:02', '0:0:0:0:0:0:0:1', 'com._520it.crm.service.impl.RoleServiceImpl@270ed41a:int com._520it.crm.service.IRoleService.updateByPrimaryKey(Role)', '[{\"id\":6,\"name\":\"超级管理员\",\"sn\":\"001\",\"permissions\":[{\"id\":1,\"name\":null,\"resource\":null},{\"id\":2,\"name\":null,\"resource\":null},{\"id\":3,\"name\":null,\"resource\":null},{\"id\":4,\"name\":null,\"resource\":null},{\"id\":5,\"name\":null,\"resource\":null},{\"id\":6,\"name\":null,\"resource\":null},{\"id\":7,\"name\":null,\"resource\":null}]}]');
INSERT INTO `log` VALUES (749, 1, '2019-08-20 10:47:04', '0:0:0:0:0:0:0:1', 'com._520it.crm.service.impl.RoleServiceImpl@270ed41a:PageResult com._520it.crm.service.IRoleService.queryForPage(QueryObject)', '[{\"page\":1,\"rows\":10,\"keyword\":null,\"start\":0}]');
INSERT INTO `log` VALUES (750, 1, '2019-08-20 10:47:13', '0:0:0:0:0:0:0:1', 'com._520it.crm.service.impl.EmployeeServiceImpl@b56959a:Employee com._520it.crm.service.IEmployeeService.getEmployeeForLogin(String,String)', '[\"admin\",\"123\"]');
INSERT INTO `log` VALUES (751, 1, '2019-08-20 10:47:13', '0:0:0:0:0:0:0:1', 'com._520it.crm.service.impl.PermissionServiceImpl@4ccbba54:List com._520it.crm.service.IPermissionService.queryResourceByEid(Long)', '[1]');
INSERT INTO `log` VALUES (752, 1, '2019-08-20 10:47:13', '0:0:0:0:0:0:0:1', 'com._520it.crm.service.impl.MenuServiceImpl@4b9de1f1:List com._520it.crm.service.IMenuService.queryForMenu()', '[]');
INSERT INTO `log` VALUES (753, 1, '2019-08-20 10:47:26', '0:0:0:0:0:0:0:1', 'com._520it.crm.service.impl.RoleServiceImpl@270ed41a:PageResult com._520it.crm.service.IRoleService.queryForPage(QueryObject)', '[{\"page\":1,\"rows\":10,\"keyword\":null,\"start\":0}]');
INSERT INTO `log` VALUES (754, 1, '2019-08-20 10:47:26', '0:0:0:0:0:0:0:1', 'com._520it.crm.service.impl.PermissionServiceImpl@4ccbba54:PageResult com._520it.crm.service.IPermissionService.queryForPage(QueryObject)', '[{\"page\":1,\"rows\":10,\"rid\":null,\"start\":0}]');
INSERT INTO `log` VALUES (755, 1, '2019-08-20 10:47:28', '0:0:0:0:0:0:0:1', 'com._520it.crm.service.impl.PermissionServiceImpl@4ccbba54:PageResult com._520it.crm.service.IPermissionService.queryForPage(QueryObject)', '[{\"page\":1,\"rows\":10,\"rid\":6,\"start\":0}]');
INSERT INTO `log` VALUES (756, 1, '2019-08-20 10:47:34', '0:0:0:0:0:0:0:1', 'com._520it.crm.service.impl.DepartmentServiceImpl@7a680c91:List com._520it.crm.service.IDepartmentService.queryForEmp()', '[]');
INSERT INTO `log` VALUES (757, 1, '2019-08-20 10:47:34', '0:0:0:0:0:0:0:1', 'com._520it.crm.service.impl.RoleServiceImpl@270ed41a:List com._520it.crm.service.IRoleService.selectAll()', '[]');
INSERT INTO `log` VALUES (758, 1, '2019-08-20 10:47:34', '0:0:0:0:0:0:0:1', 'com._520it.crm.service.impl.EmployeeServiceImpl@b56959a:PageResult com._520it.crm.service.IEmployeeService.queryForPage(EmployeeQueryObject)', '[{\"page\":1,\"rows\":10,\"keyword\":null,\"start\":0}]');
INSERT INTO `log` VALUES (759, 1, '2019-08-20 10:47:36', '0:0:0:0:0:0:0:1', 'com._520it.crm.service.impl.DepartmentServiceImpl@7a680c91:PageResult com._520it.crm.service.IDepartmentService.queryForPage(DepartmentQueryObject)', '[{\"page\":1,\"rows\":10,\"keyword\":null,\"start\":0}]');
INSERT INTO `log` VALUES (760, 1, '2019-08-20 10:47:47', '0:0:0:0:0:0:0:1', 'com._520it.crm.service.impl.PermissionServiceImpl@4ccbba54:PageResult com._520it.crm.service.IPermissionService.queryForPage(QueryObject)', '[{\"page\":1,\"rows\":10,\"rid\":7,\"start\":0}]');
INSERT INTO `log` VALUES (761, 1, '2019-08-20 10:48:00', '0:0:0:0:0:0:0:1', 'com._520it.crm.service.impl.RoleServiceImpl@270ed41a:int com._520it.crm.service.IRoleService.updateByPrimaryKey(Role)', '[{\"id\":7,\"name\":\"普通管理员\",\"sn\":\"002\",\"permissions\":[{\"id\":1,\"name\":null,\"resource\":null},{\"id\":2,\"name\":null,\"resource\":null},{\"id\":5,\"name\":null,\"resource\":null},{\"id\":6,\"name\":null,\"resource\":null},{\"id\":7,\"name\":null,\"resource\":null},{\"id\":4,\"name\":null,\"resource\":null}]}]');
INSERT INTO `log` VALUES (762, 1, '2019-08-20 10:48:02', '0:0:0:0:0:0:0:1', 'com._520it.crm.service.impl.RoleServiceImpl@270ed41a:PageResult com._520it.crm.service.IRoleService.queryForPage(QueryObject)', '[{\"page\":1,\"rows\":10,\"keyword\":null,\"start\":0}]');
INSERT INTO `log` VALUES (763, 1, '2019-08-20 10:48:27', '0:0:0:0:0:0:0:1', 'com._520it.crm.service.impl.EmployeeServiceImpl@b56959a:Employee com._520it.crm.service.IEmployeeService.getEmployeeForLogin(String,String)', '[\"test\",\"123\"]');
INSERT INTO `log` VALUES (764, 2, '2019-08-20 10:48:27', '0:0:0:0:0:0:0:1', 'com._520it.crm.service.impl.PermissionServiceImpl@4ccbba54:List com._520it.crm.service.IPermissionService.queryResourceByEid(Long)', '[2]');
INSERT INTO `log` VALUES (765, 2, '2019-08-20 10:48:51', '0:0:0:0:0:0:0:1', 'com._520it.crm.service.impl.MenuServiceImpl@4b9de1f1:List com._520it.crm.service.IMenuService.queryForMenu()', '[]');
INSERT INTO `log` VALUES (766, NULL, '2019-08-20 10:49:29', '0:0:0:0:0:0:0:1', 'com._520it.crm.service.impl.EmployeeServiceImpl@20603e57:Employee com._520it.crm.service.IEmployeeService.getEmployeeForLogin(String,String)', '[\"test\",\"123\"]');
INSERT INTO `log` VALUES (767, 2, '2019-08-20 10:49:29', '0:0:0:0:0:0:0:1', 'com._520it.crm.service.impl.PermissionServiceImpl@41880d8e:List com._520it.crm.service.IPermissionService.queryResourceByEid(Long)', '[2]');
INSERT INTO `log` VALUES (768, 2, '2019-08-20 10:49:33', '0:0:0:0:0:0:0:1', 'com._520it.crm.service.impl.MenuServiceImpl@2d62d465:List com._520it.crm.service.IMenuService.queryForMenu()', '[]');
INSERT INTO `log` VALUES (769, NULL, '2019-08-20 10:51:33', '0:0:0:0:0:0:0:1', 'com._520it.crm.service.impl.EmployeeServiceImpl@20603e57:Employee com._520it.crm.service.IEmployeeService.getEmployeeForLogin(String,String)', '[\"test\",\"123\"]');
INSERT INTO `log` VALUES (770, 2, '2019-08-20 10:51:33', '0:0:0:0:0:0:0:1', 'com._520it.crm.service.impl.PermissionServiceImpl@41880d8e:List com._520it.crm.service.IPermissionService.queryResourceByEid(Long)', '[2]');
INSERT INTO `log` VALUES (771, 2, '2019-08-20 10:51:33', '0:0:0:0:0:0:0:1', 'com._520it.crm.service.impl.MenuServiceImpl@2d62d465:List com._520it.crm.service.IMenuService.queryForMenu()', '[]');
INSERT INTO `log` VALUES (772, 2, '2019-08-20 10:51:33', '0:0:0:0:0:0:0:1', 'com._520it.crm.service.impl.PermissionServiceImpl@41880d8e:List com._520it.crm.service.IPermissionService.selectAll()', '[]');
INSERT INTO `log` VALUES (773, 2, '2019-08-20 10:52:02', '0:0:0:0:0:0:0:1', 'com._520it.crm.service.impl.EmployeeServiceImpl@20603e57:Employee com._520it.crm.service.IEmployeeService.getEmployeeForLogin(String,String)', '[\"test\",\"123\"]');
INSERT INTO `log` VALUES (774, 2, '2019-08-20 10:52:02', '0:0:0:0:0:0:0:1', 'com._520it.crm.service.impl.PermissionServiceImpl@41880d8e:List com._520it.crm.service.IPermissionService.queryResourceByEid(Long)', '[2]');
INSERT INTO `log` VALUES (775, 2, '2019-08-20 10:52:02', '0:0:0:0:0:0:0:1', 'com._520it.crm.service.impl.MenuServiceImpl@2d62d465:List com._520it.crm.service.IMenuService.queryForMenu()', '[]');
INSERT INTO `log` VALUES (776, 2, '2019-08-20 10:52:05', '0:0:0:0:0:0:0:1', 'com._520it.crm.service.impl.PermissionServiceImpl@41880d8e:PageResult com._520it.crm.service.IPermissionService.queryForPage(QueryObject)', '[{\"page\":1,\"rows\":10,\"rid\":null,\"start\":0}]');
INSERT INTO `log` VALUES (777, 2, '2019-08-20 10:52:40', '0:0:0:0:0:0:0:1', 'com._520it.crm.service.impl.PermissionServiceImpl@41880d8e:int com._520it.crm.service.IPermissionService.deleteByPrimaryKey(Long)', '[1]');
INSERT INTO `log` VALUES (778, 2, '2019-08-20 10:52:42', '0:0:0:0:0:0:0:1', 'com._520it.crm.service.impl.PermissionServiceImpl@41880d8e:PageResult com._520it.crm.service.IPermissionService.queryForPage(QueryObject)', '[{\"page\":1,\"rows\":10,\"rid\":null,\"start\":0}]');
INSERT INTO `log` VALUES (779, 2, '2019-08-20 10:52:43', '0:0:0:0:0:0:0:1', 'com._520it.crm.service.impl.PermissionServiceImpl@41880d8e:PageResult com._520it.crm.service.IPermissionService.queryForPage(QueryObject)', '[{\"page\":1,\"rows\":10,\"rid\":null,\"start\":0}]');
INSERT INTO `log` VALUES (780, 2, '2019-08-20 10:52:53', '0:0:0:0:0:0:0:1', 'com._520it.crm.service.impl.PermissionServiceImpl@41880d8e:PageResult com._520it.crm.service.IPermissionService.queryForPage(QueryObject)', '[{\"page\":1,\"rows\":10,\"rid\":null,\"start\":0}]');
INSERT INTO `log` VALUES (781, 2, '2019-08-20 10:52:54', '0:0:0:0:0:0:0:1', 'com._520it.crm.service.impl.PermissionServiceImpl@41880d8e:PageResult com._520it.crm.service.IPermissionService.queryForPage(QueryObject)', '[{\"page\":1,\"rows\":10,\"rid\":null,\"start\":0}]');
INSERT INTO `log` VALUES (782, 2, '2019-08-20 10:52:55', '0:0:0:0:0:0:0:1', 'com._520it.crm.service.impl.PermissionServiceImpl@41880d8e:PageResult com._520it.crm.service.IPermissionService.queryForPage(QueryObject)', '[{\"page\":1,\"rows\":10,\"rid\":null,\"start\":0}]');
INSERT INTO `log` VALUES (783, NULL, '2019-08-20 10:55:39', '0:0:0:0:0:0:0:1', 'com._520it.crm.service.impl.EmployeeServiceImpl@368db9e6:Employee com._520it.crm.service.IEmployeeService.getEmployeeForLogin(String,String)', '[\"admin\",\"123\"]');
INSERT INTO `log` VALUES (784, 1, '2019-08-20 10:55:39', '0:0:0:0:0:0:0:1', 'com._520it.crm.service.impl.PermissionServiceImpl@db56974:List com._520it.crm.service.IPermissionService.queryResourceByEid(Long)', '[1]');
INSERT INTO `log` VALUES (785, 1, '2019-08-20 10:55:39', '0:0:0:0:0:0:0:1', 'com._520it.crm.service.impl.MenuServiceImpl@2eb5d294:List com._520it.crm.service.IMenuService.queryForMenu()', '[]');
INSERT INTO `log` VALUES (786, 1, '2019-08-20 10:55:41', '0:0:0:0:0:0:0:1', 'com._520it.crm.service.impl.PermissionServiceImpl@db56974:PageResult com._520it.crm.service.IPermissionService.queryForPage(QueryObject)', '[{\"page\":1,\"rows\":10,\"rid\":null,\"keyword\":null,\"start\":0}]');
INSERT INTO `log` VALUES (787, 1, '2019-08-20 10:55:47', '0:0:0:0:0:0:0:1', 'com._520it.crm.service.impl.PermissionServiceImpl@db56974:PageResult com._520it.crm.service.IPermissionService.queryForPage(QueryObject)', '[{\"page\":1,\"rows\":10,\"rid\":null,\"keyword\":\"员工\",\"start\":0}]');
INSERT INTO `log` VALUES (788, 1, '2019-08-20 10:55:55', '0:0:0:0:0:0:0:1', 'com._520it.crm.service.impl.RoleServiceImpl@2cc87d:PageResult com._520it.crm.service.IRoleService.queryForPage(QueryObject)', '[{\"page\":1,\"rows\":10,\"keyword\":null,\"start\":0}]');
INSERT INTO `log` VALUES (789, 1, '2019-08-20 10:55:55', '0:0:0:0:0:0:0:1', 'com._520it.crm.service.impl.PermissionServiceImpl@db56974:PageResult com._520it.crm.service.IPermissionService.queryForPage(QueryObject)', '[{\"page\":1,\"rows\":10,\"rid\":null,\"keyword\":null,\"start\":0}]');
INSERT INTO `log` VALUES (790, 1, '2019-08-20 10:55:59', '0:0:0:0:0:0:0:1', 'com._520it.crm.service.impl.PermissionServiceImpl@db56974:PageResult com._520it.crm.service.IPermissionService.queryForPage(QueryObject)', '[{\"page\":1,\"rows\":10,\"rid\":7,\"keyword\":null,\"start\":0}]');
INSERT INTO `log` VALUES (791, 1, '2019-08-20 10:56:05', '0:0:0:0:0:0:0:1', 'com._520it.crm.service.impl.DepartmentServiceImpl@7040fb3c:PageResult com._520it.crm.service.IDepartmentService.queryForPage(DepartmentQueryObject)', '[{\"page\":1,\"rows\":10,\"keyword\":null,\"start\":0}]');
INSERT INTO `log` VALUES (792, 1, '2019-08-20 10:56:07', '0:0:0:0:0:0:0:1', 'com._520it.crm.service.impl.DepartmentServiceImpl@7040fb3c:List com._520it.crm.service.IDepartmentService.queryForEmp()', '[]');
INSERT INTO `log` VALUES (793, 1, '2019-08-20 10:56:07', '0:0:0:0:0:0:0:1', 'com._520it.crm.service.impl.RoleServiceImpl@2cc87d:List com._520it.crm.service.IRoleService.selectAll()', '[]');
INSERT INTO `log` VALUES (794, 1, '2019-08-20 10:56:07', '0:0:0:0:0:0:0:1', 'com._520it.crm.service.impl.EmployeeServiceImpl@368db9e6:PageResult com._520it.crm.service.IEmployeeService.queryForPage(EmployeeQueryObject)', '[{\"page\":1,\"rows\":10,\"keyword\":null,\"start\":0}]');
INSERT INTO `log` VALUES (795, 1, '2019-08-20 10:57:10', '0:0:0:0:0:0:0:1', 'com._520it.crm.service.impl.PermissionServiceImpl@db56974:int com._520it.crm.service.IPermissionService.updateByPrimaryKey(Permission)', '[{\"id\":3,\"name\":\"员工删\",\"resource\":\"com._520it.crm.web.controller.EmployeeController:delete\"}]');
INSERT INTO `log` VALUES (796, 1, '2019-08-20 10:57:12', '0:0:0:0:0:0:0:1', 'com._520it.crm.service.impl.PermissionServiceImpl@db56974:PageResult com._520it.crm.service.IPermissionService.queryForPage(QueryObject)', '[{\"page\":1,\"rows\":10,\"rid\":null,\"keyword\":\"员工\",\"start\":0}]');
INSERT INTO `log` VALUES (797, 1, '2019-08-20 10:57:21', '0:0:0:0:0:0:0:1', 'com._520it.crm.service.impl.PermissionServiceImpl@db56974:PageResult com._520it.crm.service.IPermissionService.queryForPage(QueryObject)', '[{\"page\":1,\"rows\":10,\"rid\":null,\"keyword\":\"员工\",\"start\":0}]');
INSERT INTO `log` VALUES (798, 1, '2019-08-20 10:57:23', '0:0:0:0:0:0:0:1', 'com._520it.crm.service.impl.PermissionServiceImpl@db56974:int com._520it.crm.service.IPermissionService.updateByPrimaryKey(Permission)', '[{\"id\":3,\"name\":\"员工删除\",\"resource\":\"com._520it.crm.web.controller.EmployeeController:delete\"}]');
INSERT INTO `log` VALUES (799, 1, '2019-08-20 10:57:24', '0:0:0:0:0:0:0:1', 'com._520it.crm.service.impl.PermissionServiceImpl@db56974:PageResult com._520it.crm.service.IPermissionService.queryForPage(QueryObject)', '[{\"page\":1,\"rows\":10,\"rid\":null,\"keyword\":\"员工\",\"start\":0}]');
INSERT INTO `log` VALUES (800, 1, '2019-08-20 10:57:26', '0:0:0:0:0:0:0:1', 'com._520it.crm.service.impl.PermissionServiceImpl@db56974:PageResult com._520it.crm.service.IPermissionService.queryForPage(QueryObject)', '[{\"page\":1,\"rows\":10,\"rid\":null,\"keyword\":\"员工\",\"start\":0}]');
INSERT INTO `log` VALUES (801, 1, '2019-08-20 10:57:36', '0:0:0:0:0:0:0:1', 'com._520it.crm.service.impl.RoleServiceImpl@2cc87d:int com._520it.crm.service.IRoleService.deleteByPrimaryKey(Long)', '[8]');
INSERT INTO `log` VALUES (802, 1, '2019-08-20 10:57:37', '0:0:0:0:0:0:0:1', 'com._520it.crm.service.impl.RoleServiceImpl@2cc87d:PageResult com._520it.crm.service.IRoleService.queryForPage(QueryObject)', '[{\"page\":1,\"rows\":10,\"keyword\":null,\"start\":0}]');
INSERT INTO `log` VALUES (803, NULL, '2019-08-20 13:37:43', '0:0:0:0:0:0:0:1', 'com._520it.crm.service.impl.EmployeeServiceImpl@7684bb56:Employee com._520it.crm.service.IEmployeeService.getEmployeeForLogin(String,String)', '[\"admin\",\"123\"]');
INSERT INTO `log` VALUES (804, 1, '2019-08-20 13:37:43', '0:0:0:0:0:0:0:1', 'com._520it.crm.service.impl.PermissionServiceImpl@1da1e7e1:List com._520it.crm.service.IPermissionService.queryResourceByEid(Long)', '[1]');
INSERT INTO `log` VALUES (805, 1, '2019-08-20 13:37:43', '0:0:0:0:0:0:0:1', 'com._520it.crm.service.impl.MenuServiceImpl@ec0ea56:List com._520it.crm.service.IMenuService.queryForMenu()', '[]');
INSERT INTO `log` VALUES (806, 1, '2019-08-20 13:37:45', '0:0:0:0:0:0:0:1', 'com._520it.crm.service.impl.DepartmentServiceImpl@75bf32fd:List com._520it.crm.service.IDepartmentService.queryForEmp()', '[]');
INSERT INTO `log` VALUES (807, 1, '2019-08-20 13:37:45', '0:0:0:0:0:0:0:1', 'com._520it.crm.service.impl.RoleServiceImpl@1f493b55:List com._520it.crm.service.IRoleService.selectAll()', '[]');
INSERT INTO `log` VALUES (808, 1, '2019-08-20 13:37:45', '0:0:0:0:0:0:0:1', 'com._520it.crm.service.impl.EmployeeServiceImpl@7684bb56:PageResult com._520it.crm.service.IEmployeeService.queryForPage(EmployeeQueryObject)', '[{\"page\":1,\"rows\":10,\"keyword\":null,\"start\":0}]');
INSERT INTO `log` VALUES (809, 1, '2019-08-20 13:37:47', '0:0:0:0:0:0:0:1', 'com._520it.crm.service.impl.EmployeeServiceImpl@7684bb56:List com._520it.crm.service.IEmployeeService.queryRoleByEid(Long)', '[1]');
INSERT INTO `log` VALUES (810, 1, '2019-08-20 13:37:53', '0:0:0:0:0:0:0:1', 'com._520it.crm.service.impl.EmployeeServiceImpl@7684bb56:List com._520it.crm.service.IEmployeeService.queryRoleByEid(Long)', '[1]');
INSERT INTO `log` VALUES (811, 1, '2019-08-20 13:38:04', '0:0:0:0:0:0:0:1', 'com._520it.crm.service.impl.EmployeeServiceImpl@7684bb56:int com._520it.crm.service.IEmployeeService.updateByPrimaryKey(Employee)', '[{\"id\":1,\"username\":\"admin\",\"realname\":\"bravo1988\",\"password\":null,\"tel\":\"18257534567\",\"email\":\"523839773@qq.com\",\"dept\":{\"id\":1,\"sn\":null,\"name\":null,\"manager\":null,\"parent\":null,\"state\":null},\"inputtime\":\"2019-08-15\",\"state\":null,\"admin\":null,\"roles\":[{\"id\":6,\"name\":null,\"sn\":null,\"permissions\":[]},{\"id\":7,\"name\":null,\"sn\":null,\"permissions\":[]}]}]');
INSERT INTO `log` VALUES (812, 1, '2019-08-20 13:38:06', '0:0:0:0:0:0:0:1', 'com._520it.crm.service.impl.EmployeeServiceImpl@7684bb56:PageResult com._520it.crm.service.IEmployeeService.queryForPage(EmployeeQueryObject)', '[{\"page\":1,\"rows\":10,\"keyword\":null,\"start\":0}]');
COMMIT;

-- ----------------------------
-- Table structure for menu
-- ----------------------------
DROP TABLE IF EXISTS `menu`;
CREATE TABLE `menu` (
  `id` bigint(20) NOT NULL,
  `text` varchar(100) DEFAULT NULL COMMENT '菜单名称',
  `iconCls` varchar(100) DEFAULT NULL,
  `checked` tinyint(1) DEFAULT NULL,
  `state` varchar(10) DEFAULT NULL,
  `attributes` varchar(500) DEFAULT NULL COMMENT '点击当前菜单请求的url',
  `parent_id` bigint(20) DEFAULT NULL,
  `function` varchar(255) DEFAULT NULL COMMENT '决定当前菜单能不能被展示',
  PRIMARY KEY (`id`),
  KEY `FK_parent` (`parent_id`),
  CONSTRAINT `FK_parent` FOREIGN KEY (`parent_id`) REFERENCES `menu` (`id`)
) ENGINE=InnoDB DEFAULT CHARSET=utf8;

-- ----------------------------
-- Records of menu
-- ----------------------------
BEGIN;
INSERT INTO `menu` VALUES (1, '系统管理', NULL, NULL, NULL, NULL, NULL, NULL);
INSERT INTO `menu` VALUES (2, '员工管理', NULL, NULL, NULL, '{\"url\": \"/employee\"}', 1, 'com._520it.crm.web.controller.EmployeeController:index');
INSERT INTO `menu` VALUES (3, '部门管理', NULL, NULL, NULL, '{\"url\": \"/department\"}', 1, 'com._520it.crm.web.controller.DepartmentController:index');
INSERT INTO `menu` VALUES (4, '营销管理', NULL, NULL, NULL, NULL, NULL, NULL);
INSERT INTO `menu` VALUES (5, '潜在客户管理', NULL, NULL, NULL, NULL, 4, NULL);
INSERT INTO `menu` VALUES (6, '角色管理', NULL, NULL, NULL, '{\"url\": \"/role\"}', 1, 'com._520it.crm.web.controller.RoleController:index');
INSERT INTO `menu` VALUES (7, '权限管理', NULL, NULL, NULL, '{\"url\": \"/permission\"}', 1, 'com._520it.crm.web.controller.PermissionController:index');
COMMIT;

-- ----------------------------
-- Table structure for permission
-- ----------------------------
DROP TABLE IF EXISTS `permission`;
CREATE TABLE `permission` (
  `id` bigint(20) NOT NULL AUTO_INCREMENT,
  `name` varchar(50) DEFAULT NULL,
  `resource` varchar(100) DEFAULT NULL,
  PRIMARY KEY (`id`)
) ENGINE=InnoDB AUTO_INCREMENT=8 DEFAULT CHARSET=utf8;

-- ----------------------------
-- Records of permission
-- ----------------------------
BEGIN;
INSERT INTO `permission` VALUES (1, '员工新增', 'com._520it.crm.web.controller.EmployeeController:save');
INSERT INTO `permission` VALUES (2, '员工更新', 'com._520it.crm.web.controller.EmployeeController:update');
INSERT INTO `permission` VALUES (3, '员工删除', 'com._520it.crm.web.controller.EmployeeController:delete');
INSERT INTO `permission` VALUES (4, '角色页面', 'com._520it.crm.web.controller.RoleController:index');
INSERT INTO `permission` VALUES (5, '员工页面', 'com._520it.crm.web.controller.EmployeeController:index');
INSERT INTO `permission` VALUES (6, '部门页面', 'com._520it.crm.web.controller.DepartmentController:index');
INSERT INTO `permission` VALUES (7, '权限页面', 'com._520it.crm.web.controller.PermissionController:index');
COMMIT;

-- ----------------------------
-- Table structure for role
-- ----------------------------
DROP TABLE IF EXISTS `role`;
CREATE TABLE `role` (
  `id` bigint(20) NOT NULL AUTO_INCREMENT,
  `name` varchar(50) DEFAULT NULL,
  `sn` varchar(50) DEFAULT NULL,
  PRIMARY KEY (`id`)
) ENGINE=InnoDB AUTO_INCREMENT=9 DEFAULT CHARSET=utf8;

-- ----------------------------
-- Records of role
-- ----------------------------
BEGIN;
INSERT INTO `role` VALUES (6, '超级管理员', '001');
INSERT INTO `role` VALUES (7, '普通管理员', '002');
COMMIT;

-- ----------------------------
-- Table structure for role_permission
-- ----------------------------
DROP TABLE IF EXISTS `role_permission`;
CREATE TABLE `role_permission` (
  `id` bigint(20) NOT NULL AUTO_INCREMENT,
  `r_id` bigint(20) DEFAULT NULL,
  `p_id` bigint(20) DEFAULT NULL,
  PRIMARY KEY (`id`),
  KEY `FK_role` (`r_id`),
  KEY `FK_permission` (`p_id`),
  CONSTRAINT `FK_permission` FOREIGN KEY (`p_id`) REFERENCES `permission` (`id`),
  CONSTRAINT `FK_role` FOREIGN KEY (`r_id`) REFERENCES `role` (`id`)
) ENGINE=InnoDB AUTO_INCREMENT=40 DEFAULT CHARSET=utf8;

-- ----------------------------
-- Records of role_permission
-- ----------------------------
BEGIN;
INSERT INTO `role_permission` VALUES (27, 6, 1);
INSERT INTO `role_permission` VALUES (28, 6, 2);
INSERT INTO `role_permission` VALUES (29, 6, 3);
INSERT INTO `role_permission` VALUES (30, 6, 4);
INSERT INTO `role_permission` VALUES (31, 6, 5);
INSERT INTO `role_permission` VALUES (32, 6, 6);
INSERT INTO `role_permission` VALUES (33, 6, 7);
INSERT INTO `role_permission` VALUES (34, 7, 1);
INSERT INTO `role_permission` VALUES (35, 7, 2);
INSERT INTO `role_permission` VALUES (36, 7, 5);
INSERT INTO `role_permission` VALUES (37, 7, 6);
INSERT INTO `role_permission` VALUES (38, 7, 7);
INSERT INTO `role_permission` VALUES (39, 7, 4);
COMMIT;

SET FOREIGN_KEY_CHECKS = 1;
